{
"type": "FeatureCollection",
"name": "go_outline",
"crs": { "type": "name", "properties": { "name": "urn:ogc:def:crs:OGC:1.3:CRS84" } },
"features": [
{"type":"Feature","properties":{},"geometry":{"type":"Polygon","coordinates":[[[-51.097788099999903,-19.3057646],[-51.1018326,-19.306165399999902],[-51.1057314,-19.308388],[-51.1110512,-19.3073314],[-51.114257699999897,-19.304963],[-51.116844699999902,-19.3049265],[-51.11812,-19.3027403],[-51.1265369,-19.3032868],[-51.128103699999897,-19.2988051],[-51.1364114,-19.294942799999902],[-51.1391806,-19.289112799999899],[-51.143225099999903,-19.2870723999999],[-51.1515327,-19.2865623],[-51.156087399999898,-19.2885663],[-51.1584558,-19.2868538],[-51.169168199999902,-19.2869631],[-51.1768565,-19.2826271],[-51.178641899999903,-19.2820441],[-51.1802087,-19.2829186],[-51.1831601,-19.2798213999999],[-51.1835973,-19.2770522],[-51.187641799999902,-19.2689996],[-51.1912854999999,-19.2669956],[-51.1943462,-19.2669591],[-51.1997388999999,-19.265173699999899],[-51.2024291,-19.2610366],[-51.2035283,-19.2605462],[-51.2054595,-19.262113],[-51.2056605,-19.2640046],[-51.2071783,-19.2660471],[-51.2080101,-19.266193999999899],[-51.2142804,-19.2620464],[-51.215807599999899,-19.2590886999999],[-51.219961399999903,-19.2585058],[-51.225499899999903,-19.258979399999902],[-51.227030199999902,-19.261202099999899],[-51.228706299999899,-19.2613843],[-51.228414799999904,-19.2640805999999],[-51.2291436,-19.2652102],[-51.2392002,-19.267141299999899],[-51.241022,-19.2695826],[-51.2426253,-19.2692547],[-51.2439064,-19.2661634],[-51.2468797,-19.2662683],[-51.2500333999999,-19.2731269],[-51.2512973,-19.2737],[-51.2529923,-19.2724087],[-51.2550328,-19.2678089],[-51.257345799999896,-19.266485499999899],[-51.263191699999901,-19.2652595],[-51.2691823,-19.262293],[-51.2759732,-19.2611264],[-51.279704,-19.2489156],[-51.283329,-19.25146],[-51.2864714,-19.2524045],[-51.2903082,-19.2483267],[-51.289872699999897,-19.2454266],[-51.2914733,-19.2447154],[-51.2962281,-19.2449377],[-51.297157899999902,-19.2440932],[-51.2978876,-19.238603899999902],[-51.300323799999902,-19.237592699999901],[-51.3068054,-19.239127499999899],[-51.3083108,-19.236615399999899],[-51.3076414,-19.2327261],[-51.304678599999903,-19.229783999999899],[-51.302998699999897,-19.2239183],[-51.3070969,-19.2180815],[-51.3213292,-19.218534299999899],[-51.3370336,-19.2222874],[-51.341114499999897,-19.2192631],[-51.3427177,-19.2151820999999],[-51.3448675,-19.2139068],[-51.3512076,-19.2157286999999],[-51.3541225,-19.217951399999901],[-51.3639605,-19.222506],[-51.369134599999903,-19.2214129],[-51.3689524,-19.2180971],[-51.3657459,-19.216858199999901],[-51.3648714999999,-19.214672],[-51.3657252,-19.210231899999901],[-51.3707097,-19.208383],[-51.3694771,-19.2057275999999],[-51.370847099999899,-19.202866399999898],[-51.3701184,-19.1995871],[-51.3734706,-19.199077],[-51.374745899999901,-19.1953604],[-51.3786082,-19.1925548],[-51.3834179,-19.194923199999899],[-51.3926331,-19.1962778],[-51.3983206,-19.1947774],[-51.4013813,-19.188437399999899],[-51.405097899999902,-19.1857775],[-51.4087312,-19.1843117],[-51.4114359,-19.180656499999898],[-51.4111829,-19.178818],[-51.4052478999999,-19.1775875],[-51.4053572,-19.175546999999899],[-51.411328599999898,-19.1723322],[-51.4131141,-19.172405099999899],[-51.416867099999898,-19.1743362],[-51.4177415999999,-19.1739719],[-51.417195,-19.1701095999999],[-51.420510799999903,-19.166065],[-51.427288099999899,-19.1651906],[-51.428709099999899,-19.1662837],[-51.429628,-19.1703474],[-51.430713099999899,-19.1711662],[-51.4324257,-19.1714213],[-51.4342475,-19.1706197],[-51.43862,-19.1713483999999],[-51.4432839,-19.168032599999901],[-51.4433203,-19.164024599999902],[-51.4457252,-19.1590691],[-51.4464904,-19.1588505],[-51.4493689,-19.1610367],[-51.4557818,-19.1615469],[-51.4574215,-19.163951699999899],[-51.4575245,-19.1674143],[-51.458514599999901,-19.1677776],[-51.4639073,-19.1626764],[-51.468389,-19.1607817],[-51.4723971,-19.1545874],[-51.4740732,-19.1537129],[-51.479956199999897,-19.1539096999999],[-51.4813501,-19.1565476],[-51.4805224999999,-19.158959799999899],[-51.481251299999897,-19.159797899999901],[-51.4859561,-19.1592747],[-51.489741099999897,-19.161473999999899],[-51.4926196,-19.162129799999899],[-51.497647899999897,-19.1614011],[-51.498668199999898,-19.1610003],[-51.501494799999897,-19.156417599999902],[-51.5005229,-19.149053],[-51.501737499999898,-19.147019999999898],[-51.5078314,-19.1478354],[-51.511065099999897,-19.150548399999899],[-51.5138502,-19.150398799999898],[-51.518691499999903,-19.1469782],[-51.521813,-19.1418753],[-51.5271028,-19.138922],[-51.5306356,-19.1400995999999],[-51.5360077,-19.140031899999901],[-51.5398842,-19.1427861],[-51.5490698,-19.141746399999899],[-51.5509349,-19.1406521],[-51.554426299999903,-19.1324339],[-51.5592187,-19.1338886],[-51.565264899999903,-19.1324966],[-51.569566,-19.1345416],[-51.576049699999899,-19.131548],[-51.5770274,-19.1296316],[-51.5760519,-19.1269197999999],[-51.5767724,-19.1261898999999],[-51.577936899999898,-19.1265478],[-51.578568399999902,-19.130530399999898],[-51.579503499999902,-19.1310776],[-51.584189,-19.1285925],[-51.592212,-19.1267874],[-51.5939273,-19.128933099999902],[-51.594473299999898,-19.1315130999999],[-51.5973198,-19.1365182],[-51.603101599999903,-19.137279],[-51.604673299999902,-19.1397684],[-51.6084347,-19.1409997],[-51.610063099999898,-19.1406605],[-51.613977599999899,-19.136739],[-51.623485899999899,-19.1381501],[-51.625939699999897,-19.1357527],[-51.633821399999903,-19.131363399999898],[-51.638386,-19.1263665],[-51.6393217,-19.1267710999999],[-51.6406368,-19.1297807],[-51.6470995,-19.1305355],[-51.651604,-19.1359990999999],[-51.6554897,-19.137737199999901],[-51.657650499999903,-19.1377416999999],[-51.658677,-19.1371473999999],[-51.659919499999901,-19.1343787],[-51.662094,-19.1342571],[-51.6638768,-19.1324744],[-51.667383899999898,-19.1316596],[-51.669184899999898,-19.1298411],[-51.6781465,-19.1258369],[-51.682563,-19.1209272],[-51.6873805,-19.121096899999898],[-51.6940393,-19.1174035],[-51.696784799999897,-19.1196795],[-51.7001145999999,-19.1187949],[-51.7103269,-19.1111637999999],[-51.7115319,-19.1083765999999],[-51.7061624,-19.1080405],[-51.705474599999903,-19.106738],[-51.7116511,-19.103038899999898],[-51.7146739,-19.1037418999999],[-51.7170503,-19.1069853],[-51.7192823,-19.1064504],[-51.722402299999899,-19.1076520999999],[-51.7275414,-19.1077602],[-51.729920999999898,-19.1053282],[-51.731834299999903,-19.099532],[-51.7352751,-19.0988186],[-51.740070499999902,-19.1008035999999],[-51.7418615,-19.10057],[-51.7482866,-19.0929404],[-51.7479076,-19.0909353],[-51.742849,-19.090772899999902],[-51.741681899999897,-19.0899424999999],[-51.7418615,-19.0883825999999],[-51.743971299999899,-19.0875409],[-51.7444538,-19.0860483],[-51.751781999999899,-19.0855882],[-51.7593854,-19.0889796],[-51.7647549,-19.086991],[-51.767841099999899,-19.083332599999899],[-51.7719857,-19.082540499999901],[-51.773508299999897,-19.079561899999899],[-51.7761935999999,-19.077307599999902],[-51.7777920999999,-19.077586699999902],[-51.7802978,-19.080549399999899],[-51.7818801,-19.0813013],[-51.785482499999901,-19.0810544],[-51.788411499999903,-19.0797302],[-51.791082399999901,-19.079831199999902],[-51.7917221,-19.078608],[-51.7900051,-19.075275],[-51.7906111,-19.0741191],[-51.796906799999903,-19.0736252999999],[-51.798096299999898,-19.071605299999899],[-51.7980739,-19.070785999999899],[-51.795873399999898,-19.070308699999899],[-51.796312,-19.0664318],[-51.8022758,-19.063854],[-51.8076085,-19.0627160999999],[-51.809940099999899,-19.0594068],[-51.8130037,-19.0579825999999],[-51.8168818,-19.054720799999899],[-51.823383,-19.0538142],[-51.8302449,-19.0549849],[-51.8331284,-19.0564375],[-51.838082299999897,-19.0552342],[-51.8405539,-19.0571638],[-51.843276,-19.0564494999999],[-51.8437938,-19.0526338],[-51.8402513,-19.050764899999901],[-51.8378268,-19.0476722],[-51.8350728,-19.0458588],[-51.839733399999901,-19.0444348],[-51.8421696,-19.0424212],[-51.844653,-19.041965],[-51.850349299999898,-19.043467],[-51.850926,-19.0441901],[-51.850467,-19.0452915],[-51.8478777,-19.0459812],[-51.8522206,-19.0524892],[-51.855398299999898,-19.050764899999901],[-51.8576816,-19.0505312999999],[-51.8585054,-19.048873699999898],[-51.861094599999902,-19.0473941],[-51.8628012,-19.044957699999902],[-51.8634603,-19.041386499999899],[-51.8700393,-19.036691599999902],[-51.871769399999899,-19.0328421],[-51.8717458,-19.031106399999899],[-51.875782699999903,-19.0314402],[-51.8779483,-19.0260663],[-51.8805728,-19.0259439],[-51.8823264,-19.0249982],[-51.882091,-19.0220274],[-51.8841154,-19.0192122999999],[-51.8878933,-19.0175766999999],[-51.8906643,-19.0177686],[-51.8906708,-19.0137601],[-51.888799499999898,-19.0094205],[-51.8899412,-19.007284],[-51.8933895,-19.0065829],[-51.8967809,-18.994702],[-51.8998927,-18.9939975],[-51.9021402,-18.9957509],[-51.9067679,-18.9945819],[-51.909425199999902,-18.992557299999898],[-51.9102085,-18.9903399],[-51.9131365,-18.988378399999899],[-51.9136306,-18.985981099999901],[-51.916643,-18.9840225],[-51.926003099999903,-18.9849227],[-51.9276718,-18.980245399999902],[-51.9256432,-18.9783712999999],[-51.925599,-18.9766140999999],[-51.9332815,-18.9765523],[-51.933887599999899,-18.97318],[-51.935570599999899,-18.9711877999999],[-51.9400077,-18.968472],[-51.9434678,-18.9695293999999],[-51.9437268,-18.971566199999899],[-51.942696899999902,-18.9733525],[-51.9460041,-18.975667499999901],[-51.9481873,-18.975200099999899],[-51.949358399999902,-18.976007],[-51.9515416,-18.974827199999901],[-51.9525714,-18.975361399999901],[-51.9529833,-18.9771421999999],[-51.949364199999899,-18.9784165],[-51.950994299999898,-18.9811377],[-51.9533304999999,-18.9798688999999],[-51.9548399,-18.980456],[-51.957458599999903,-18.9793541999999],[-51.9596771,-18.977551199999901],[-51.9613542,-18.973333],[-51.960989299999902,-18.971747],[-51.962330999999899,-18.9693708],[-51.9640552,-18.968669599999899],[-51.966167799999901,-18.9692929],[-51.9651674,-18.9713575],[-51.966120799999899,-18.971619],[-51.9687865,-18.9670613],[-51.9695162,-18.9731437999999],[-51.967079899999902,-18.975319699999901],[-51.9676213,-18.976710899999901],[-51.969163099999903,-18.9778906999999],[-51.970693099999899,-18.976054299999898],[-51.973464799999903,-18.975180599999899],[-51.974612299999897,-18.979165],[-51.9771368,-18.9817247],[-51.979161099999899,-18.9801444],[-51.979161099999899,-18.9741121],[-51.98095,-18.9723536],[-51.9834216,-18.972387],[-51.9880469,-18.974334699999901],[-51.995661599999899,-18.9742345999999],[-51.996250099999898,-18.9740787],[-51.9960029,-18.9721867],[-51.997627099999903,-18.9678905],[-52.000281099999903,-18.9674396999999],[-52.003906,-18.9687197],[-52.0072779,-18.9762936],[-52.0121386,-18.9777015],[-52.0125623,-18.9810737],[-52.0137862999999,-18.9811238],[-52.015551699999897,-18.9826373],[-52.0183881,-18.979582299999901],[-52.0204477,-18.979126],[-52.016422599999899,-18.977501099999898],[-52.013980499999903,-18.9750637],[-52.0136098,-18.9722368],[-52.0145454,-18.969777],[-52.020077,-18.9670945999999],[-52.019988699999899,-18.966182],[-52.0174641999999,-18.9652303],[-52.017587799999902,-18.9642731],[-52.0187177,-18.9634383],[-52.022766299999901,-18.9639392],[-52.026455999999897,-18.963404899999901],[-52.0285744,-18.961279],[-52.0314931999999,-18.9608504],[-52.030916499999897,-18.9598765],[-52.031510899999901,-18.959052799999899],[-52.0344708,-18.9580622],[-52.0358302,-18.959030599999899],[-52.0357301,-18.9609785],[-52.036612799999901,-18.961646299999899],[-52.0379192,-18.961329099999901],[-52.0384606,-18.959030599999899],[-52.0404614,-18.960661199999901],[-52.042915299999898,-18.959036099999899],[-52.042509299999899,-18.9577004],[-52.0435744,-18.9554297],[-52.043951,-18.952975299999899],[-52.043103599999903,-18.951878899999901],[-52.0436391,-18.9506878],[-52.0495061,-18.9514837],[-52.052130599999899,-18.9482722999999],[-52.0556438,-18.9458233],[-52.058703799999897,-18.947292699999899],[-52.0594335,-18.9515838999999],[-52.064688499999903,-18.951595],[-52.0657477,-18.9536821],[-52.0668363999999,-18.95376],[-52.0706024999999,-18.9519735],[-52.0740215,-18.952212799999899],[-52.077010899999898,-18.950943799999902],[-52.0799944,-18.950849199999901],[-52.085726,-18.9467417],[-52.0865558,-18.9455227999999],[-52.0863027,-18.9431794999999],[-52.088362399999902,-18.941810299999901],[-52.0910046,-18.944214799999902],[-52.092911199999897,-18.942289],[-52.0891568,-18.9386878],[-52.088003399999899,-18.9367174],[-52.0881505,-18.9354427],[-52.0895922999999,-18.935637499999899],[-52.0904573,-18.9344965],[-52.091893099999901,-18.9348527],[-52.093988099999898,-18.9338341],[-52.0950473,-18.935799],[-52.096035899999897,-18.936094],[-52.096500799999902,-18.934296099999901],[-52.0979426,-18.9336838],[-52.0984663,-18.931540799999901],[-52.099831499999901,-18.9318747999999],[-52.100779,-18.928529399999899],[-52.1038272,-18.928774299999901],[-52.103497699999899,-18.9271378],[-52.105227699999901,-18.926480899999898],[-52.1064517,-18.9245994],[-52.106239899999899,-18.9235305999999],[-52.1045922,-18.923708799999901],[-52.1044745,-18.9222392],[-52.1023443,-18.921972],[-52.103650699999903,-18.9213374],[-52.1046746,-18.9182534],[-52.1058515,-18.9198678],[-52.1084643,-18.918609699999902],[-52.1062517,-18.9175743],[-52.1070048999999,-18.9100033],[-52.1055691,-18.9068189],[-52.107817,-18.903756999999899],[-52.1101944,-18.904168899999899],[-52.1094176,-18.901329599999901],[-52.110806399999902,-18.8987018],[-52.111736199999903,-18.898790899999899],[-52.1127718,-18.902142399999899],[-52.1144902,-18.8995815],[-52.116385,-18.901474399999898],[-52.1165851,-18.899514699999902],[-52.117514899999897,-18.898635],[-52.1177385,-18.900527899999901],[-52.118727099999901,-18.9010178],[-52.1209633,-18.899792999999899],[-52.1202924,-18.898523699999899],[-52.1226463,-18.898757499999899],[-52.1235996,-18.8973210999999],[-52.125800399999903,-18.899091499999901],[-52.1262947,-18.8972209],[-52.127966,-18.8984568999999],[-52.1290135,-18.8981785],[-52.1290135,-18.896819999999899],[-52.1299432,-18.8977442],[-52.132650199999901,-18.897332199999902],[-52.1336623,-18.8969091],[-52.133544599999901,-18.895016199999901],[-52.1352512,-18.8940474],[-52.1341449,-18.8925776],[-52.135463,-18.8923437],[-52.1359691,-18.890283699999902],[-52.1393469,-18.889983],[-52.140665,-18.8915976],[-52.1407121,-18.8932123],[-52.1416184,-18.892366],[-52.1445606999999,-18.8927669],[-52.1462319,-18.8946597999999],[-52.1505748,-18.8933458999999],[-52.1530346,-18.8916755999999],[-52.1539526,-18.8896377999999],[-52.1570361,-18.8877671],[-52.156788999999897,-18.886386199999901],[-52.155364899999903,-18.8850054],[-52.1557768,-18.8829119],[-52.1543409,-18.8823328],[-52.154599899999901,-18.8816424],[-52.1560593,-18.8808629],[-52.1578835,-18.881998699999901],[-52.1594841,-18.880796099999898],[-52.1586014,-18.879248099999899],[-52.161414299999898,-18.878190199999899],[-52.160967,-18.8773773],[-52.1583543,-18.8777893],[-52.158271899999903,-18.8767981999999],[-52.163862299999899,-18.877032],[-52.165215799999899,-18.8761077],[-52.165898399999897,-18.874493],[-52.165404099999897,-18.871564],[-52.16398,-18.8718646999999],[-52.163626899999898,-18.870049499999901],[-52.165357,-18.867488],[-52.1654276,-18.8653831],[-52.168981899999899,-18.8648597],[-52.167357799999898,-18.863812799999899],[-52.1680757,-18.8624318],[-52.1727127999999,-18.861373699999898],[-52.172206699999897,-18.8595695],[-52.1730423,-18.8569967],[-52.1759258,-18.8550142],[-52.1775617,-18.856072299999902],[-52.1784091,-18.8549808],[-52.179162399999903,-18.8553372],[-52.1790917,-18.854435],[-52.180415799999899,-18.853677699999899],[-52.1811337,-18.851968],[-52.180504,-18.850275],[-52.182522499999898,-18.8494340999999],[-52.1830874,-18.8476353],[-52.1837465,-18.848053],[-52.1840996,-18.8472454],[-52.1873538,-18.8458754],[-52.1891721,-18.8480195],[-52.1928324,-18.8465325999999],[-52.193244299999897,-18.847535],[-52.1955393,-18.847106199999899],[-52.1953804,-18.8490874],[-52.1967633,-18.849098599999898],[-52.1976519,-18.847806499999901],[-52.1977107,-18.8498003],[-52.1991937,-18.8490429],[-52.2003941,-18.8508932],[-52.2027186,-18.8499353],[-52.203448299999899,-18.8478107],[-52.2053078,-18.8480168],[-52.208161899999901,-18.8501386],[-52.2080265,-18.8491139],[-52.2100037,-18.848300799999901],[-52.210074399999897,-18.8461038],[-52.2112572,-18.845636],[-52.212557699999898,-18.8462373999999],[-52.214087699999901,-18.8436672],[-52.2154235,-18.8437842],[-52.2157118,-18.842765],[-52.218048,-18.842965499999899],[-52.2182599,-18.842021499999898],[-52.220054699999899,-18.8419825],[-52.2199429,-18.8432301],[-52.221643599999901,-18.844338299999901],[-52.2235678,-18.842979399999901],[-52.2234736999999,-18.841809899999902],[-52.225727499999898,-18.843024],[-52.226680799999897,-18.8415426],[-52.228952299999897,-18.8425116],[-52.2302233999999,-18.841347599999899],[-52.2309178,-18.8419603],[-52.2355784,-18.8415314],[-52.2362962999999,-18.8420661],[-52.2359609,-18.8432356],[-52.2374379,-18.8432913],[-52.237184899999903,-18.8420103999999],[-52.239209199999898,-18.8394122999999],[-52.2410217,-18.8395014],[-52.241268799999901,-18.8408603],[-52.241969099999899,-18.8397186],[-52.2429695,-18.840554],[-52.2434815,-18.8395292],[-52.2465179,-18.8385713],[-52.2466827,-18.8391728],[-52.2483245,-18.838833099999899],[-52.250501799999903,-18.839869],[-52.255021199999902,-18.837020199999898],[-52.254891799999903,-18.837822199999898],[-52.256104,-18.8386631999999],[-52.255744999999898,-18.8367696],[-52.2576811,-18.8374769],[-52.258357799999899,-18.836959],[-52.2577163999999,-18.8366861],[-52.2587639,-18.833776],[-52.2608647,-18.831278],[-52.261800299999898,-18.8312556999999],[-52.2608941,-18.8298424],[-52.261718,-18.8300429],[-52.2620004,-18.8285696999999],[-52.2632303,-18.8282244],[-52.2642895,-18.8307976],[-52.2650192,-18.8307586],[-52.2656489,-18.8288984],[-52.267061199999901,-18.8295388999999],[-52.2674731,-18.8306138],[-52.2726516,-18.8323599],[-52.273257699999903,-18.8303604],[-52.2762824,-18.8291963],[-52.2791895,-18.8296419],[-52.280031,-18.830867199999901],[-52.282431899999899,-18.8296084999999],[-52.284774,-18.8304272],[-52.2843678999999,-18.82933],[-52.286462899999897,-18.8283915],[-52.2861922,-18.8277009],[-52.2907587,-18.828793899999901],[-52.291182299999903,-18.8308102],[-52.2933538,-18.8292451],[-52.2958489,-18.831411699999901],[-52.2955252,-18.8331689],[-52.298138,-18.834848099999899],[-52.2975554,-18.8362961999999],[-52.2983793,-18.8369339],[-52.2994679,-18.8364104],[-52.3020218999999,-18.8384515999999],[-52.3031223,-18.8382511],[-52.3051407,-18.8404398],[-52.3099425999999,-18.8389291],[-52.310625199999897,-18.8396587],[-52.311219499999901,-18.8371607999999],[-52.313938199999903,-18.8368378],[-52.3137146,-18.8353925],[-52.314762099999903,-18.8355596],[-52.3159684,-18.8344513],[-52.3164686,-18.8349636999999],[-52.3196699,-18.8331564],[-52.3207939,-18.8333122999999],[-52.3203407,-18.8319923],[-52.3211234,-18.83131],[-52.3222474,-18.8322903],[-52.3225004,-18.8311931],[-52.3237890999999,-18.831427],[-52.3241715999999,-18.8335309],[-52.3296149,-18.8296405],[-52.3305212,-18.8302699],[-52.3334929,-18.829334199999899],[-52.332975099999899,-18.8274809],[-52.333698899999902,-18.827970999999899],[-52.3357526,-18.8271091],[-52.3346228,-18.8258559],[-52.3362645999999,-18.824695899999899],[-52.3366412,-18.8234371],[-52.3375945,-18.823776899999899],[-52.3373473,-18.822579399999899],[-52.340236699999899,-18.821690999999898],[-52.3401661,-18.822426199999899],[-52.341360699999903,-18.8229052],[-52.3419079,-18.8223705],[-52.342166899999903,-18.823267299999898],[-52.3432438,-18.8233508],[-52.346262599999903,-18.8223927999999],[-52.3433732,-18.8199001999999],[-52.3442559,-18.8181456],[-52.3452091999999,-18.818485399999901],[-52.3459625,-18.8165233],[-52.347822,-18.815442699999899],[-52.3485635,-18.8164231],[-52.352529699999899,-18.816077699999902],[-52.352529699999899,-18.8148077],[-52.3542775,-18.813690899999902],[-52.3539656,-18.812407],[-52.350446599999898,-18.8101022],[-52.3514292999999,-18.8086901],[-52.3505466,-18.807386699999899],[-52.350935,-18.8059800999999],[-52.3539008,-18.800203399999901],[-52.3558897999999,-18.8008662999999],[-52.357396299999898,-18.7991087999999],[-52.3602739,-18.7999611],[-52.3637576,-18.7987411],[-52.364705,-18.799888699999901],[-52.367217799999899,-18.8003343],[-52.3672295,-18.8010697],[-52.3684771,-18.800367799999901],[-52.3684006,-18.7997717],[-52.369512799999903,-18.7994876],[-52.3672354,-18.797039299999899],[-52.3666292999999,-18.7951702],[-52.3671825,-18.794161899999899],[-52.3679122,-18.7947134],[-52.3695599,-18.793944699999901],[-52.3695304,-18.7931675],[-52.3711958,-18.7927774999999],[-52.370625,-18.7919307999999],[-52.372955299999902,-18.7913012],[-52.3743029,-18.7920659],[-52.375215,-18.7910519],[-52.3748619,-18.7888932],[-52.379193,-18.7816994],[-52.3838301,-18.7789806],[-52.3955288,-18.7692192],[-52.400835399999899,-18.7586721],[-52.4075457,-18.7571545],[-52.4096939,-18.7548644],[-52.4108399,-18.749239499999899],[-52.4100407,-18.7476258999999],[-52.4120162,-18.7435844],[-52.412393199999897,-18.7397541],[-52.4181387,-18.735109399999899],[-52.4201595,-18.7350943],[-52.4243518,-18.7329831],[-52.424487499999898,-18.7311584],[-52.4257995,-18.730721],[-52.4259804,-18.728504299999901],[-52.42806,-18.7276702999999],[-52.4296434,-18.725865199999902],[-52.430973499999901,-18.7224767],[-52.4344887,-18.7184232],[-52.4342379,-18.715466],[-52.4382395,-18.712434],[-52.438810299999901,-18.7099481],[-52.4381041,-18.708159],[-52.4389103,-18.707044199999899],[-52.4384454,-18.7055448999999],[-52.4398166,-18.70506],[-52.4394753,-18.704368799999902],[-52.440458,-18.704235],[-52.440828699999898,-18.7028917],[-52.441840899999903,-18.703337599999902],[-52.443877,-18.7019106999999],[-52.4445183999999,-18.6997759],[-52.4440417,-18.697791499999902],[-52.4472901,-18.6957403],[-52.448025599999902,-18.6919665],[-52.4507032,-18.6915931],[-52.4515858,-18.690294299999898],[-52.452821599999901,-18.6906008],[-52.4546106,-18.688254099999899],[-52.457452799999899,-18.6889285],[-52.462466499999898,-18.6877355999999],[-52.4637847,-18.686403299999899],[-52.470452,-18.6869106],[-52.472629299999902,-18.685611799999901],[-52.4741711,-18.686185899999899],[-52.476277799999899,-18.684390999999898],[-52.4791436,-18.6834266],[-52.4793319,-18.682400899999902],[-52.4822684,-18.6816370999999],[-52.483351099999901,-18.680120799999901],[-52.4868996,-18.680527799999901],[-52.488888599999903,-18.6793125],[-52.489694799999903,-18.679574499999902],[-52.4918132,-18.677818499999901],[-52.4933844,-18.678794099999902],[-52.495414599999897,-18.6777627],[-52.4957324,-18.6760624],[-52.497739099999897,-18.677478399999899],[-52.4996163,-18.675956499999899],[-52.5021937,-18.675806],[-52.5051508,-18.673079899999902],[-52.5074164,-18.6741446999999],[-52.509487799999903,-18.673604],[-52.5101821,-18.6742952],[-52.5100409,-18.6730019],[-52.5120358,-18.6700026],[-52.5146192,-18.6697684],[-52.515160599999902,-18.669066],[-52.5168965,-18.670448599999901],[-52.5185266,-18.6696067],[-52.5207098,-18.6698019],[-52.521780799999902,-18.667828299999901],[-52.5212688,-18.667287499999901],[-52.5218573,-18.664762],[-52.5286187,-18.661020999999899],[-52.529772099999903,-18.6587686],[-52.531549299999902,-18.6574807],[-52.533244,-18.658255699999899],[-52.5373221,-18.6582501],[-52.5398643,-18.6597499],[-52.5432921,-18.6581803999999],[-52.5444631,-18.6567615],[-52.5506154999999,-18.657553199999899],[-52.552404399999901,-18.6570821],[-52.5552054999999,-18.6611242],[-52.5596308,-18.661614799999899],[-52.561678599999901,-18.664318799999901],[-52.5631969,-18.6648317],[-52.5666335,-18.6648205],[-52.5716413,-18.670206],[-52.573595,-18.6735231],[-52.5748014,-18.6733447],[-52.5790972,-18.6772081],[-52.5860115999999,-18.6809013],[-52.586314699999903,-18.6837164],[-52.5886214,-18.6863225],[-52.588692099999903,-18.6879334999999],[-52.5983605,-18.689923599999901],[-52.599519799999896,-18.689065099999901],[-52.6031624,-18.6891376],[-52.60461,-18.6880896],[-52.6081202,-18.6884324],[-52.6087381,-18.6891181],[-52.611021299999898,-18.6885773999999],[-52.613822399999897,-18.689831599999899],[-52.6212371,-18.6884324],[-52.623997,-18.690389],[-52.625709399999899,-18.690294299999898],[-52.6280985,-18.6918774],[-52.628551699999903,-18.6913757],[-52.6290989,-18.6922564],[-52.6281926999999,-18.692869599999899],[-52.632412,-18.695589799999901],[-52.634683499999902,-18.6932709],[-52.6346599,-18.691542899999899],[-52.6404504,-18.690528399999899],[-52.6433574,-18.687573999999898],[-52.645787799999901,-18.6881425999999],[-52.648583,-18.685963],[-52.666554699999899,-18.683064199999901],[-52.6726394,-18.6795188],[-52.6802541,-18.6795633999999],[-52.6839438,-18.677612199999899],[-52.6873098,-18.6783424999999],[-52.6885985,-18.6805166],[-52.6905993,-18.681960499999899],[-52.693729899999902,-18.6813417],[-52.6994792,-18.6852048],[-52.7033337,-18.6859016],[-52.708318,-18.689084599999902],[-52.7120782,-18.6902441],[-52.713113899999897,-18.6898762],[-52.7161033,-18.691409099999898],[-52.7247067,-18.691526199999899],[-52.7292025,-18.6889676],[-52.7314152,-18.6885662],[-52.7376293,-18.6911024999999],[-52.746015,-18.6924069],[-52.748104,-18.6920557],[-52.7554127,-18.6879307],[-52.7630804,-18.6813751],[-52.765187099999899,-18.6806225999999],[-52.7737316,-18.6800261],[-52.7849183,-18.6809431],[-52.7852626,-18.681508899999901],[-52.786645399999898,-18.6796664999999],[-52.7883108,-18.678860999999898],[-52.790017299999903,-18.679323699999902],[-52.7932951,-18.676252],[-52.7970083,-18.6741503],[-52.7978732999999,-18.6744681],[-52.800786199999898,-18.671875699999902],[-52.8052056,-18.6706381],[-52.8091012,-18.667214999999899],[-52.8149976,-18.6700918],[-52.8178811,-18.670392799999899],[-52.8220239,-18.6721656],[-52.8236893,-18.6716081],[-52.825431099999903,-18.672399799999901],[-52.8318512,-18.6705266],[-52.835405599999902,-18.6682241],[-52.8362294,-18.6666408],[-52.846468699999903,-18.666953],[-52.849393399999897,-18.6607144],[-52.857314099999897,-18.658172],[-52.8612744,-18.655412199999901],[-52.8683301,-18.6485933],[-52.872214,-18.646117699999898],[-52.8771335,-18.6451921],[-52.8929275,-18.6455938],[-52.9127675,-18.641979799999898],[-52.9167596,-18.640294599999901],[-52.918290899999903,-18.6379458],[-52.91796,-18.634673],[-52.9139865,-18.6279213],[-52.9143222,-18.6198196],[-52.9176575,-18.6152408999999],[-52.9211258999999,-18.613400899999899],[-52.926253,-18.6125557999999],[-52.9367084,-18.6144173],[-52.939871099999898,-18.613262599999899],[-52.9406221,-18.6114954],[-52.9375156,-18.6066623],[-52.9344536,-18.5991122],[-52.9415382,-18.585917499999901],[-52.9488215,-18.581541],[-52.951816699999902,-18.576671599999901],[-52.953628,-18.5623883],[-52.9649272,-18.5500289],[-52.962351399999903,-18.540819699999901],[-52.954872099999903,-18.5336955],[-52.945287199999903,-18.519747199999902],[-52.942511,-18.5170307],[-52.919707399999901,-18.5107421],[-52.9157605,-18.5089029],[-52.9130114,-18.504840199999901],[-52.9100572,-18.4917449],[-52.9067843999999,-18.485513],[-52.8990952,-18.4768326999999],[-52.894266899999899,-18.4732048],[-52.882877699999902,-18.467192399999899],[-52.8809573,-18.4654927],[-52.878957,-18.455837099999901],[-52.8791537,-18.4428702],[-52.8764009,-18.430921],[-52.8732937,-18.426791599999898],[-52.8636847,-18.4241048],[-52.8514306,-18.4222713999999],[-52.8382917,-18.4236612],[-52.827507599999898,-18.4196249],[-52.8067938,-18.4176957],[-52.8025041,-18.4168973],[-52.7985126,-18.414861299999899],[-52.794518299999901,-18.410516399999899],[-52.7879611,-18.3933291],[-52.786067699999897,-18.3903091],[-52.769958,-18.3802603],[-52.761901599999902,-18.3713106],[-52.7588732,-18.3631404],[-52.758481,-18.3576502999999],[-52.7593196,-18.3480709],[-52.7642082,-18.3413044],[-52.7759033,-18.3287534],[-52.787463,-18.320584499999899],[-52.792980999999898,-18.3175807],[-52.8052871,-18.313454099999898],[-52.814259,-18.3112978],[-52.8277156,-18.3106329],[-52.842151699999903,-18.312020899999901],[-52.8563769,-18.3120054],[-52.8732067,-18.3148335],[-52.9142396,-18.3014317],[-52.9291535,-18.2987795999999],[-52.9352301,-18.2965543],[-52.954175399999897,-18.2965785],[-52.9652657,-18.2989406999999],[-52.9840963,-18.3073264],[-52.9972981,-18.316086499999901],[-53.0048945,-18.3224660999999],[-53.0147372,-18.3268831],[-53.016744199999899,-18.33131],[-53.020866,-18.3462792],[-53.0230658,-18.349464],[-53.0278517,-18.351596],[-53.0297648,-18.3512714999999],[-53.0352063,-18.3476494999999],[-53.044535799999899,-18.3439222],[-53.0567346999999,-18.3434301],[-53.0648676,-18.3440917],[-53.069935799999897,-18.342879799999899],[-53.071739599999901,-18.3415424999999],[-53.0748459,-18.3356234],[-53.082990799999898,-18.3267807],[-53.0996557,-18.3136191],[-53.101152399999897,-18.3108311],[-53.1027051,-18.302853399999901],[-53.1035214,-18.291817],[-53.1018513,-18.2779846],[-53.1020397,-18.2726203],[-53.107513,-18.260141099999899],[-53.1103264,-18.248058699999898],[-53.1112906,-18.2352748],[-53.1100355,-18.2249269],[-53.1101876,-18.219563299999901],[-53.129738099999898,-18.1607025],[-53.1302696,-18.1564417],[-53.128542,-18.1463239],[-53.1290165,-18.138484499999901],[-53.1367112,-18.1185249],[-53.143239999999899,-18.081836699999901],[-53.1424914,-18.0784184],[-53.138797,-18.0702315],[-53.130128899999903,-18.0624089],[-53.1236517,-18.0588283],[-53.1155682999999,-18.057644099999901],[-53.1100747,-18.058956],[-53.1029674,-18.0588463],[-53.0892185,-18.0567828],[-53.081839699999897,-18.0547612999999],[-53.075711399999904,-18.0507954],[-53.0734884,-18.0451426999999],[-53.0716451,-18.0357086],[-53.0722458,-18.0334232],[-53.070996,-18.0292975999999],[-53.0716025,-18.0245575],[-53.0736476,-18.022965699999901],[-53.070838299999899,-18.0186373999999],[-53.069328299999903,-18.00851],[-53.067869899999899,-18.0054683],[-53.0673241,-18.0010075],[-53.065303899999897,-17.9967717],[-53.0647494,-17.9845366],[-53.0682058,-17.9749495],[-53.0721232,-17.9710597],[-53.071315,-17.9659131999999],[-53.0742417,-17.9636312],[-53.0765239,-17.9629098999999],[-53.0780053,-17.9608246],[-53.080973099999902,-17.9594637],[-53.08363,-17.953309999999899],[-53.083585399999897,-17.951049],[-53.085867199999903,-17.9487124999999],[-53.0865443,-17.944935299999901],[-53.0875603,-17.9435237],[-53.0937924999999,-17.9388683],[-53.1047187,-17.927624299999898],[-53.1103957,-17.927262599999899],[-53.1153513,-17.9226131],[-53.116254599999898,-17.922983499999901],[-53.1190341,-17.92196],[-53.119955699999899,-17.922967399999902],[-53.1207090999999,-17.921149199999899],[-53.1203105,-17.9203338999999],[-53.124043099999902,-17.918494899999899],[-53.1240498,-17.9178332],[-53.124822299999899,-17.918015],[-53.1255255,-17.915961],[-53.1265677,-17.9154210999999],[-53.1268557,-17.9142059],[-53.126138599999898,-17.9137373],[-53.1276361,-17.9122899],[-53.1261481,-17.9114771],[-53.1256632,-17.9100991],[-53.127311899999903,-17.909302399999898],[-53.1270905,-17.9078268],[-53.123749,-17.9060203999999],[-53.1244081,-17.9044405],[-53.1226162,-17.9025444],[-53.1226794,-17.9001848999999],[-53.1235005,-17.8994430999999],[-53.1227249,-17.898274699999899],[-53.126156599999902,-17.896320499999899],[-53.1264643,-17.8936750999999],[-53.1282654,-17.8907445],[-53.126263499999901,-17.8862553],[-53.128091599999898,-17.8845362],[-53.128118,-17.8810098],[-53.135742999999898,-17.875646199999899],[-53.1357816,-17.8744101999999],[-53.1380854,-17.8710343999999],[-53.1381519,-17.8683303],[-53.1371851,-17.866598199999899],[-53.138655,-17.8639636],[-53.1369852999999,-17.862974199999901],[-53.1367787,-17.8613114],[-53.135601,-17.861000999999899],[-53.1341548,-17.8586802],[-53.1375571,-17.8530357],[-53.136919599999899,-17.8511816],[-53.1340231,-17.8482581],[-53.1359313,-17.8471006],[-53.135738199999899,-17.8462283],[-53.1344664,-17.845904699999899],[-53.1341050999999,-17.8436806],[-53.1327314,-17.842948],[-53.131869799999897,-17.843485999999899],[-53.1322944,-17.8424904],[-53.131633399999899,-17.841952799999898],[-53.1324501,-17.8404851],[-53.1311471,-17.8390754],[-53.1319002,-17.8385291],[-53.1322526,-17.8393177999999],[-53.1332063,-17.838474599999898],[-53.132559699999902,-17.8372793],[-53.1319764,-17.837502599999901],[-53.1316128,-17.8355263],[-53.1332166,-17.8355225],[-53.1330301,-17.8363358],[-53.1338511,-17.835681399999899],[-53.1337862,-17.834817999999899],[-53.132880999999898,-17.8350753],[-53.1337961,-17.8324855],[-53.1367672,-17.832468199999902],[-53.137481799999897,-17.831136],[-53.1384419,-17.8315873],[-53.1379828,-17.8294567],[-53.1374301,-17.828950099999901],[-53.1370896,-17.8296736],[-53.1369629,-17.8289366],[-53.1381024,-17.8277262],[-53.140694499999903,-17.8276723],[-53.139479499999901,-17.8267577],[-53.141579599999901,-17.8265276],[-53.141083099999904,-17.8236143],[-53.1417039,-17.822867299999899],[-53.1424177,-17.822659499999901],[-53.1429021,-17.8234593],[-53.1444589,-17.8229795],[-53.1439242,-17.822560699999901],[-53.1443705,-17.8214128],[-53.142612299999897,-17.8214149],[-53.1420065,-17.8205455],[-53.1419417,-17.8194741],[-53.1439094999999,-17.819188],[-53.142339499999899,-17.8185822],[-53.1433991,-17.817404699999901],[-53.142706599999897,-17.816404],[-53.144789199999899,-17.817074299999899],[-53.145195699999903,-17.816049099999901],[-53.144114199999898,-17.8152334],[-53.1465378,-17.8142179],[-53.148373,-17.8110191],[-53.149653999999899,-17.8107992],[-53.149613299999899,-17.8094527],[-53.150704,-17.810259899999899],[-53.151308099999902,-17.8092793],[-53.1502044,-17.808875],[-53.1503485,-17.8080924],[-53.1518351,-17.8080115],[-53.1516015999999,-17.8070405],[-53.154491699999902,-17.806192],[-53.1534076,-17.8038245],[-53.1563942,-17.8032229],[-53.154914,-17.801743499999901],[-53.1557251,-17.7998645],[-53.1552516,-17.799483],[-53.1561523,-17.798623],[-53.1552593,-17.797984499999899],[-53.157148699999901,-17.7968064],[-53.1585357,-17.7974586999999],[-53.159894,-17.7960312],[-53.1598724,-17.794214899999901],[-53.1582258,-17.7938331],[-53.157071599999902,-17.791626399999899],[-53.1571369,-17.7910153],[-53.1581325,-17.7912689],[-53.1579755,-17.7891691],[-53.158850899999898,-17.7885841],[-53.1566629,-17.7875448],[-53.156615,-17.7863963],[-53.1553716,-17.7852182],[-53.1571825,-17.783983],[-53.156404699999896,-17.783684299999901],[-53.1574216,-17.7823222],[-53.1588177,-17.782052399999898],[-53.157676,-17.7805835999999],[-53.1578943,-17.7782228],[-53.1617069,-17.7764126],[-53.16149,-17.7753567],[-53.160108299999898,-17.7751749],[-53.160048399999901,-17.7732392],[-53.1615057,-17.7737698],[-53.1613475999999,-17.7727709],[-53.1655835,-17.771114899999901],[-53.165839199999901,-17.7692350999999],[-53.1651479,-17.7681913],[-53.165898399999897,-17.767238099999901],[-53.1641266,-17.765537799999901],[-53.1667889,-17.7643143999999],[-53.1670846,-17.765399199999901],[-53.1680436,-17.7653513],[-53.1682764,-17.7637819],[-53.169504699999898,-17.7634823],[-53.169791,-17.764510599999898],[-53.1724308,-17.7653716],[-53.1722903,-17.7615752],[-53.1710785,-17.7591929],[-53.1728337,-17.7595661],[-53.1735561,-17.7584527],[-53.172069,-17.7569311],[-53.1739929,-17.7542098],[-53.1768704,-17.7527651],[-53.1774801,-17.7510389],[-53.178489199999902,-17.750916099999898],[-53.1801411,-17.748709899999898],[-53.1812682999999,-17.7496421],[-53.1826662,-17.749165199999901],[-53.1820097,-17.7516343],[-53.183833499999899,-17.7510576],[-53.1838853,-17.749797],[-53.184507799999899,-17.749812],[-53.1837868,-17.7488580999999],[-53.184629,-17.748620899999899],[-53.184559299999897,-17.7476604],[-53.185495199999899,-17.7469346],[-53.186087,-17.748059699999899],[-53.187598,-17.7461061999999],[-53.1857648,-17.744156299999901],[-53.187803,-17.7438637999999],[-53.1885622,-17.7419978],[-53.1888872,-17.7431205],[-53.190083699999903,-17.7430275],[-53.190700299999897,-17.7416024999999],[-53.189831899999902,-17.7414914],[-53.190131,-17.7401953],[-53.1914896,-17.7394548],[-53.1915478,-17.7385518],[-53.1956408,-17.7382961],[-53.1947422,-17.7372248],[-53.1933058,-17.737607399999899],[-53.192412299999901,-17.7370255],[-53.1935369,-17.7361883999999],[-53.1928684,-17.7348274],[-53.193956899999897,-17.7336324],[-53.1957353,-17.7346643999999],[-53.1972416,-17.7341977],[-53.197639599999903,-17.732482999999899],[-53.1965789,-17.7318243],[-53.1975427,-17.7312681],[-53.1973449,-17.729243],[-53.1983966,-17.7308239],[-53.199760899999902,-17.7307322999999],[-53.2001734,-17.7284553],[-53.201520699999897,-17.7280812999999],[-53.202173199999898,-17.725988399999899],[-53.2040701,-17.725986099999901],[-53.204340699999896,-17.7276448],[-53.205203599999898,-17.7252432],[-53.2068671,-17.726333899999901],[-53.208233199999903,-17.725028199999901],[-53.2101259,-17.7254682],[-53.2087705,-17.722586099999901],[-53.211495899999903,-17.7216971],[-53.2131029,-17.7231015999999],[-53.213515899999898,-17.7222676],[-53.212472499999897,-17.721872699999899],[-53.2132134,-17.720844],[-53.216223899999903,-17.7221688],[-53.2160598,-17.720737],[-53.2173488,-17.7202399],[-53.2160832,-17.7193255],[-53.218600799999898,-17.719479099999901],[-53.218905699999901,-17.720667499999902],[-53.217601,-17.7217666999999],[-53.218583899999899,-17.722292799999899],[-53.219225499999901,-17.721084399999899],[-53.2219451,-17.719762199999899],[-53.2242153,-17.7199795],[-53.2245874,-17.7182511],[-53.226665399999902,-17.718312099999899],[-53.2263028,-17.7169913],[-53.228354099999898,-17.716321999999899],[-53.2289425,-17.716778799999901],[-53.233789199999897,-17.7130374],[-53.2351475,-17.7135761],[-53.233463599999901,-17.710911199999899],[-53.2347159,-17.7090774],[-53.2329106,-17.7067091],[-53.2359973,-17.7040271],[-53.235922899999899,-17.702492499999899],[-53.2369292,-17.7015881999999],[-53.237162399999903,-17.698863699999901],[-53.235307299999903,-17.697596099999899],[-53.2382502,-17.695598],[-53.2377283,-17.694386899999898],[-53.236494299999897,-17.6953457],[-53.2355032,-17.6935961],[-53.2379268,-17.693240499999899],[-53.2383323,-17.6921427999999],[-53.2374596,-17.6914578],[-53.2382577,-17.690627],[-53.2396615,-17.692606],[-53.2413496,-17.6916605],[-53.2398186,-17.690607699999902],[-53.242009,-17.6908806],[-53.242155099999898,-17.6900443],[-53.2442799,-17.6899495],[-53.2436713,-17.688495],[-53.2421552,-17.6889902],[-53.242129,-17.6875878],[-53.2394265,-17.6881951999999],[-53.240661,-17.6850813],[-53.2375906,-17.6849182999999],[-53.238195,-17.6836718],[-53.2376714,-17.6826321],[-53.2393319,-17.681479399999901],[-53.237563,-17.6815584],[-53.237921099999902,-17.680253299999901],[-53.236663899999897,-17.6794998],[-53.2388075,-17.6773913],[-53.2388086,-17.675179699999902],[-53.2404473,-17.6752784],[-53.2417632,-17.674002599999898],[-53.241253599999901,-17.6725207],[-53.242516899999899,-17.672635],[-53.242951199999901,-17.6716129],[-53.2410411,-17.668876699999899],[-53.2401584999999,-17.6692456],[-53.236927099999903,-17.6673273],[-53.2389418,-17.6673445],[-53.2393278,-17.6651739],[-53.241420199999901,-17.6653236],[-53.2422179,-17.664530399999901],[-53.2421074,-17.662637899999901],[-53.2405754,-17.662747099999901],[-53.241514,-17.661667899999902],[-53.2400953,-17.6581454],[-53.2418407,-17.6594873],[-53.243038899999902,-17.6591372],[-53.2429215,-17.655879899999899],[-53.2419709,-17.6561353],[-53.2409517,-17.655289],[-53.2424234,-17.6552828],[-53.2434765,-17.6535696],[-53.245493199999899,-17.654415],[-53.245397899999901,-17.6529930999999],[-53.2429543,-17.651345499999898],[-53.2430537,-17.6502264],[-53.2437705,-17.6496208],[-53.245219399999897,-17.6509601],[-53.2463140999999,-17.6500849],[-53.2476371,-17.648042799999899],[-53.2464262,-17.645510199999901],[-53.247726999999898,-17.6447777999999],[-53.248342799999897,-17.6423172],[-53.246655599999897,-17.6410928],[-53.2468426,-17.640106199999899],[-53.2480421,-17.6406906],[-53.2472542,-17.6393945],[-53.248316,-17.6388671],[-53.2475066,-17.6377495999999],[-53.2483804,-17.6372489],[-53.246459199999897,-17.6357108999999],[-53.2475865,-17.6334524],[-53.2457927,-17.6308923],[-53.248503,-17.6304832],[-53.247286899999899,-17.6289075],[-53.248453799999901,-17.6272951],[-53.2468137,-17.6241153],[-53.2440664,-17.622459],[-53.2460948,-17.6210225],[-53.2459511,-17.619638899999899],[-53.2472327999999,-17.6194616],[-53.2477818,-17.617564899999898],[-53.2458951999999,-17.6163905999999],[-53.2445661,-17.616534999999899],[-53.2439737,-17.6150833999999],[-53.245869399999897,-17.614775],[-53.2436099,-17.613951],[-53.2440788,-17.6118655],[-53.243177199999899,-17.6100086],[-53.245133199999898,-17.6097981],[-53.244869,-17.6082125],[-53.2471654,-17.605066399999899],[-53.2463543,-17.605150299999899],[-53.2452287999999,-17.603206699999902],[-53.2443716,-17.603848399999901],[-53.2410608,-17.6015839],[-53.2414893,-17.6009126],[-53.240491399999897,-17.5991523],[-53.2421891,-17.5967396],[-53.2390002,-17.5945515999999],[-53.2407615,-17.5940443],[-53.2405866,-17.5909374],[-53.2372210999999,-17.5895305999999],[-53.235731,-17.587291299999901],[-53.239843199999903,-17.581887799999901],[-53.239029,-17.5798837],[-53.2382372,-17.5800975],[-53.236246499999901,-17.5782373],[-53.2399313,-17.5726318],[-53.2408531,-17.5687242999999],[-53.2393748,-17.568121],[-53.239663999999898,-17.5699407],[-53.238462899999902,-17.5702484],[-53.2378916,-17.5680429],[-53.2422065,-17.5656445],[-53.2452815,-17.562383899999901],[-53.245526,-17.560262899999898],[-53.2441246,-17.559446099999899],[-53.2445968,-17.557008499999899],[-53.2458387,-17.555967699999901],[-53.2433038,-17.5555398999999],[-53.2422056999999,-17.5528696],[-53.239972,-17.5529802],[-53.2400099,-17.5511263],[-53.2387141,-17.5506609],[-53.2392126,-17.5497695],[-53.242426899999899,-17.5484938],[-53.2418029,-17.5468205],[-53.243752599999901,-17.5457858],[-53.242457499999901,-17.543804599999898],[-53.2430161999999,-17.5386814],[-53.2443633,-17.5373021],[-53.243226999999898,-17.536533],[-53.2439312,-17.534034599999899],[-53.241885599999897,-17.5337054999999],[-53.2416952,-17.532237199999901],[-53.240552,-17.5322209],[-53.2421368,-17.530878899999902],[-53.2429246,-17.5317813],[-53.2435942,-17.531514399999899],[-53.2430941,-17.527517],[-53.2441264,-17.527026099999901],[-53.2435161,-17.526060399999899],[-53.244986299999901,-17.526046999999899],[-53.2421065999999,-17.5252105],[-53.2428151,-17.5244117],[-53.244333599999898,-17.525060799999899],[-53.2441223,-17.5229237],[-53.241644,-17.5208516],[-53.242341199999899,-17.5198078],[-53.2405231,-17.5188155],[-53.240829899999902,-17.5176660999999],[-53.2385338,-17.5164146],[-53.2376775,-17.5148366],[-53.237845799999903,-17.512866299999899],[-53.2399086,-17.5106385],[-53.2392014,-17.509847099999899],[-53.2374765,-17.5116171],[-53.237541,-17.5098393],[-53.240094,-17.508955899999901],[-53.242665799999898,-17.506137],[-53.2405697,-17.5047342999999],[-53.241685899999901,-17.5047114],[-53.242403099999898,-17.503705099999902],[-53.2413336,-17.5030988],[-53.2409526,-17.5009279],[-53.2394707,-17.5019301],[-53.239084299999902,-17.5010505999999],[-53.2375148,-17.500784],[-53.2368374,-17.498299],[-53.238436,-17.4976369],[-53.2382754,-17.4966231],[-53.2399614999999,-17.4967998],[-53.2395953,-17.495946499999899],[-53.2380636,-17.4959982],[-53.2373496,-17.4952132999999],[-53.2400828,-17.4940409],[-53.2395683,-17.493023999999899],[-53.240617799999903,-17.4921438],[-53.2388783,-17.4906804],[-53.2392621,-17.4894439],[-53.2383085,-17.4873936],[-53.236246799999897,-17.4871813],[-53.2373302,-17.4863171],[-53.2370121,-17.4848397],[-53.2345281999999,-17.4824987],[-53.2356894,-17.4810204999999],[-53.232098699999902,-17.4809243999999],[-53.2333004,-17.4792366],[-53.2344451,-17.479059],[-53.233301099999899,-17.4773142999999],[-53.2316494,-17.478780599999901],[-53.2327634,-17.4762479],[-53.2309471,-17.4752061],[-53.231796099999897,-17.4743773],[-53.229450799999903,-17.4727053],[-53.2274638,-17.469238699999899],[-53.2288421,-17.4664331],[-53.2270217,-17.466728],[-53.2261293,-17.466067],[-53.2281487,-17.4626153],[-53.2264326,-17.4644642],[-53.225624799999899,-17.464373],[-53.225359599999898,-17.463392199999898],[-53.2269836,-17.461619599999899],[-53.223849099999903,-17.4609948],[-53.2245358,-17.4598058999999],[-53.223503999999899,-17.4584896],[-53.2257619,-17.4549565],[-53.224937699999899,-17.4541576999999],[-53.2275184,-17.4529324],[-53.2266768,-17.451541399999901],[-53.2271929,-17.4491356],[-53.225930499999897,-17.447393],[-53.2264481,-17.445481899999901],[-53.2274638,-17.4453779],[-53.2278636,-17.446539],[-53.2291594,-17.4462775],[-53.228760099999903,-17.4446662],[-53.2308034,-17.4439178],[-53.2315646,-17.4413139],[-53.233188799999901,-17.4411221],[-53.2326618,-17.440102099999901],[-53.230338399999901,-17.4398930999999],[-53.230586899999899,-17.4381609],[-53.2288354,-17.4389297],[-53.2281141,-17.4378245],[-53.229577199999902,-17.4368674],[-53.229798,-17.435783899999901],[-53.2288339,-17.4347033],[-53.2295401,-17.432916],[-53.227836099999898,-17.4333181],[-53.2290331,-17.426785299999899],[-53.226354899999897,-17.4280446],[-53.2252396,-17.426722299999899],[-53.223158399999903,-17.4261157],[-53.2234195999999,-17.4248729],[-53.2225503,-17.423465899999901],[-53.2244314,-17.4232142],[-53.221806199999897,-17.4217687],[-53.2234432,-17.419473099999902],[-53.2227683999999,-17.418824399999899],[-53.220877,-17.419001599999898],[-53.2220902,-17.4165343],[-53.2201433,-17.4156889],[-53.2201911,-17.4132847999999],[-53.217413,-17.413727299999898],[-53.2166305,-17.411298499999901],[-53.2159659,-17.4127829],[-53.214903999999898,-17.413094],[-53.2154816,-17.4110279],[-53.214328099999904,-17.410617499999901],[-53.214511699999903,-17.409328199999901],[-53.2137399,-17.408290399999899],[-53.2120231,-17.408921],[-53.2126564,-17.4065214],[-53.2135463,-17.4074431],[-53.2155488,-17.4073116],[-53.215022599999898,-17.4042223],[-53.213482499999898,-17.4045723999999],[-53.2126124,-17.403188],[-53.2109679,-17.4026593],[-53.210655099999897,-17.4051019],[-53.208556799999897,-17.4028311],[-53.2058221,-17.4022823],[-53.2058549,-17.4013297999999],[-53.207186299999897,-17.400803499999899],[-53.207171699999897,-17.398161199999901],[-53.2079585,-17.3976736],[-53.2085618999999,-17.3986568],[-53.209547799999903,-17.398557],[-53.2084757,-17.396608899999901],[-53.208805,-17.3958223],[-53.2115681,-17.3945729],[-53.2131987,-17.3959116],[-53.2123306,-17.3931995999999],[-53.209820299999897,-17.3929186999999],[-53.208701,-17.393953199999899],[-53.207101899999898,-17.3931598],[-53.207113,-17.3916267],[-53.2087746,-17.390325899999901],[-53.2066076,-17.3884002],[-53.2087422,-17.3848416],[-53.2066925,-17.383293799999901],[-53.2052758,-17.383278699999899],[-53.204083,-17.384961599999901],[-53.2039228,-17.389417799999901],[-53.203016499999897,-17.3896725],[-53.1998121,-17.3869879],[-53.2006143,-17.3841272999999],[-53.1998321,-17.380883099999899],[-53.198784499999903,-17.380540199999899],[-53.1975818,-17.381282199999902],[-53.1967983,-17.3797969],[-53.1972291,-17.3783023],[-53.2002989,-17.3749586],[-53.2009055,-17.371821899999901],[-53.2053182,-17.372954499999899],[-53.206656699999897,-17.3720761],[-53.206685,-17.369979],[-53.2056082,-17.3689514],[-53.202609,-17.3678616],[-53.1961906,-17.3676402],[-53.1963888,-17.3649437],[-53.1980918,-17.3635189],[-53.1956824,-17.3607114],[-53.197928499999897,-17.3603251],[-53.1989387,-17.3621357],[-53.2019586,-17.3632641999999],[-53.2038333,-17.3631326],[-53.2065224,-17.361610499999902],[-53.2052753,-17.3600739],[-53.2028337,-17.3608093],[-53.2021305,-17.3564064],[-53.203337599999898,-17.3526907],[-53.2007762,-17.352045299999901],[-53.2003245,-17.3512339],[-53.2027325,-17.3477227],[-53.2018421,-17.3441122999999],[-53.2029696,-17.3432786],[-53.2056999,-17.3432624],[-53.2066526999999,-17.3420891],[-53.2038644,-17.3411808],[-53.202357199999902,-17.341595599999899],[-53.2019544,-17.340922],[-53.204119799999901,-17.338035799999901],[-53.2053772,-17.3315497],[-53.208624799999903,-17.3301551],[-53.2118412,-17.3272933],[-53.2158684999999,-17.3290691999999],[-53.217389899999901,-17.3272183],[-53.216070499999901,-17.325029099999899],[-53.213268,-17.3232748],[-53.2134354,-17.322481099999901],[-53.2149927,-17.3224991],[-53.2155131,-17.320460099999899],[-53.2130124,-17.3200876],[-53.209158499999901,-17.316012],[-53.2085456,-17.3140572],[-53.2120876,-17.3142422],[-53.2131689,-17.313363599999899],[-53.214585199999902,-17.3106974],[-53.2118914,-17.311216199999901],[-53.210278699999897,-17.312610499999899],[-53.2096058,-17.311539],[-53.2132194,-17.3092751],[-53.213958299999902,-17.3077183],[-53.215300899999903,-17.307814],[-53.217457399999901,-17.3095638],[-53.2184422999999,-17.3089782],[-53.2188322,-17.307383199999901],[-53.216277799999901,-17.3040856],[-53.2176431,-17.3029010999999],[-53.217259199999901,-17.3007698],[-53.218762,-17.2989689],[-53.2186298,-17.298086699999899],[-53.2140979,-17.295525199999901],[-53.21138,-17.295260599999899],[-53.210402,-17.2935305],[-53.2080973,-17.293161199999901],[-53.207267,-17.2912327],[-53.2086136,-17.2884223],[-53.2071529,-17.2868826],[-53.208161699999899,-17.2849702],[-53.2037524,-17.284233],[-53.2022967999999,-17.282097],[-53.2000786,-17.2807895],[-53.1992893,-17.2789744],[-53.1955847,-17.2769938],[-53.194285,-17.2742097],[-53.194348299999902,-17.272071],[-53.1954228,-17.2703435],[-53.194697899999902,-17.2680478999999],[-53.1975197,-17.263310999999899],[-53.1975337,-17.260740499999901],[-53.1925451,-17.2584565],[-53.186670499999899,-17.258784499999901],[-53.1840463999999,-17.2550515],[-53.1841185,-17.252769],[-53.179474099999901,-17.247641299999898],[-53.1799354,-17.2432155],[-53.1788483,-17.242198299999899],[-53.176243499999899,-17.2417401],[-53.175062899999901,-17.240447099999901],[-53.173413299999901,-17.2353027],[-53.171827199999903,-17.2331751],[-53.171569299999902,-17.2237239],[-53.170546,-17.2212193],[-53.1693696,-17.2205245],[-53.1672614,-17.221392599999898],[-53.1651606,-17.2209447],[-53.1669299,-17.2188009],[-53.166468,-17.210076899999901],[-53.1621516,-17.2052313],[-53.1621544,-17.2021857],[-53.1551668,-17.1868367],[-53.157028099999899,-17.181860899999901],[-53.1576151,-17.1774093],[-53.1566662,-17.170684499999901],[-53.148193,-17.1681455999999],[-53.1464288,-17.1686539],[-53.144184799999898,-17.1711346],[-53.1420668,-17.171359299999899],[-53.1404168,-17.167137],[-53.1411897999999,-17.164094599999899],[-53.1391404,-17.161549599999901],[-53.134999,-17.1614549],[-53.1330646,-17.156444],[-53.127516699999902,-17.1545758],[-53.127415,-17.152759499999899],[-53.1302317,-17.149612],[-53.1311279,-17.1447264],[-53.1303017,-17.143955199999901],[-53.1289283,-17.144899899999899],[-53.1264614,-17.1445765],[-53.1256916,-17.1424845],[-53.1235118,-17.141071699999902],[-53.1239532,-17.1383789],[-53.1232426,-17.136743],[-53.121515299999899,-17.1351493],[-53.118195699999902,-17.1344255],[-53.1195885,-17.131221],[-53.1141966,-17.1266231],[-53.116838,-17.1235272],[-53.1175302,-17.1197877],[-53.114286299999897,-17.116769],[-53.1168177,-17.1158014],[-53.1183103,-17.1132203999999],[-53.1129448,-17.1135778],[-53.112184699999901,-17.1095655],[-53.110745,-17.108140299999899],[-53.1042676,-17.107518599999899],[-53.1012377,-17.110797499999901],[-53.098314699999897,-17.109098],[-53.0973486,-17.106334699999898],[-53.1016321,-17.103733],[-53.1008557,-17.101692],[-53.099633,-17.101080399999901],[-53.0974037,-17.102199499999902],[-53.095168199999897,-17.102137899999899],[-53.0929348,-17.098428199999901],[-53.0889101,-17.100776199999899],[-53.0874917,-17.1008125],[-53.086280799999898,-17.098671099999901],[-53.0907217,-17.0942727],[-53.0909147,-17.092681099999901],[-53.0886699,-17.0923412],[-53.0850338,-17.095289599999901],[-53.0830169,-17.0936346999999],[-53.0843545,-17.0899827],[-53.0888621,-17.086608199999901],[-53.0887814,-17.0849888999999],[-53.086037,-17.0844619],[-53.0841597,-17.0873156],[-53.081672899999901,-17.0889347],[-53.078660899999903,-17.0884689],[-53.0806234,-17.080036499999899],[-53.0794165,-17.0793876],[-53.075743799999898,-17.0805144],[-53.071179099999902,-17.0857483999999],[-53.0700232,-17.085716299999898],[-53.069735099999903,-17.0811414],[-53.0725927,-17.0783736],[-53.072246499999899,-17.0766492],[-53.0701637,-17.0766133],[-53.067585199999897,-17.0782288999999],[-53.0665398,-17.0772565],[-53.066597199999897,-17.07425],[-53.065909,-17.0734978999999],[-53.064058,-17.07476],[-53.062271199999898,-17.077941199999898],[-53.0613303,-17.077983199999899],[-53.0587859,-17.0760147999999],[-53.0591286,-17.0747433999999],[-53.061199,-17.0729099],[-53.061278899999898,-17.0710194],[-53.059455399999898,-17.0704595999999],[-53.056433599999899,-17.0712227],[-53.055418099999898,-17.070598],[-53.0554885,-17.0691193],[-53.057422899999899,-17.068096099999899],[-53.0577923,-17.067039899999902],[-53.0565852,-17.0650358],[-53.0548061,-17.064175599999899],[-53.0552413999999,-17.060534899999901],[-53.0594029,-17.057128299999899],[-53.0644811,-17.058577199999899],[-53.065476299999901,-17.058193699999901],[-53.0655978,-17.0519907],[-53.0604516,-17.0527046999999],[-53.0591408,-17.0511777],[-53.060406999999898,-17.047085099999901],[-53.063215699999901,-17.0459501],[-53.0642865,-17.0471021],[-53.0677848999999,-17.047933],[-53.070185,-17.050949499999899],[-53.071421,-17.0496052],[-53.0695004,-17.044439899999901],[-53.0693762,-17.0418185999999],[-53.065745999999898,-17.0399543],[-53.065021199999897,-17.038267599999902],[-53.065055,-17.0358428],[-53.067481799999896,-17.0331391],[-53.068018,-17.0308701],[-53.0666105,-17.0304813],[-53.064059799999903,-17.0317555],[-53.0608971,-17.030563399999899],[-53.059360399999903,-17.0273612],[-53.062141499999903,-17.024470999999899],[-53.0615468,-17.022728399999899],[-53.0593311,-17.0204868],[-53.0552019,-17.0214956],[-53.0537598,-17.0191040999999],[-53.0547332,-17.017647199999899],[-53.0625204,-17.017444699999899],[-53.063800399999899,-17.0162604],[-53.0632854999999,-17.013063499999902],[-53.0612249,-17.012372099999901],[-53.059458,-17.0125505],[-53.0570978,-17.01528],[-53.0545253,-17.0146374999999],[-53.0544492,-17.011183899999899],[-53.0567257,-17.0094932],[-53.0517518999999,-17.0040496],[-53.0522051,-17.0033799],[-53.054570899999902,-17.0036282],[-53.055732599999899,-17.002961099999901],[-53.054782799999899,-17.0002145],[-53.0559587,-16.996929599999898],[-53.051026599999901,-16.9934456],[-53.0552021,-16.988429499999899],[-53.0554003,-16.9865685],[-53.053883799999902,-16.982458699999899],[-53.053547,-16.978894899999901],[-53.0551283,-16.9729407999999],[-53.0545169,-16.968441299999899],[-53.0564186,-16.9651704999999],[-53.056420499999902,-16.9638567],[-53.0549143,-16.9615127],[-53.0537901,-16.9614204],[-53.0520632,-16.9641918999999],[-53.0521576,-16.9674062],[-53.049432599999903,-16.9675487],[-53.046759,-16.9635865999999],[-53.0448926,-16.954897899999899],[-53.0469219,-16.9521329],[-53.047265,-16.9492958],[-53.043374099999902,-16.9471614],[-53.040510299999902,-16.9468107],[-53.0350329,-16.9424731],[-53.0370184,-16.939534799999901],[-53.0370765,-16.9381445],[-53.036260899999903,-16.9360942],[-53.0333153999999,-16.9333922],[-53.0330369,-16.931867399999899],[-53.035230899999902,-16.9307211],[-53.0383249,-16.9322749],[-53.0392067,-16.932097499999902],[-53.039580199999897,-16.930985],[-53.034656299999902,-16.923903199999899],[-53.0342567,-16.920319499999898],[-53.039455099999898,-16.9126931],[-53.0345359,-16.910800499999901],[-53.032424499999898,-16.9087054],[-53.031612799999898,-16.9090353],[-53.030923599999902,-16.9115292],[-53.0293902,-16.911849199999899],[-53.028445599999898,-16.909656499999901],[-53.0314648,-16.904885299999901],[-53.031435299999899,-16.903753199999901],[-53.0290605,-16.9030635],[-53.025450299999903,-16.904314499999899],[-53.021676199999902,-16.9026699],[-53.0211044,-16.901325799999899],[-53.019166599999899,-16.9002232],[-53.020149499999903,-16.895134799999902],[-53.017870899999899,-16.889983899999901],[-53.0170849,-16.884547199999901],[-53.014897699999899,-16.8834762],[-53.012987199999898,-16.884397099999902],[-53.011817,-16.8830776],[-53.012682299999902,-16.881989],[-53.0151112,-16.8812027],[-53.017407799999901,-16.8782914999999],[-53.016344699999898,-16.876142],[-53.0143502,-16.8768822],[-53.013069899999898,-16.8752544],[-53.0144172,-16.8615799],[-53.012063399999903,-16.858761199999901],[-53.009114699999898,-16.8590502],[-53.007452199999904,-16.861161],[-53.0066717999999,-16.864729],[-53.0054934,-16.865276499999901],[-53.0035827,-16.864026099999901],[-53.00173,-16.860249399999901],[-52.9980808,-16.863198399999899],[-52.9980214,-16.866304],[-52.9913046,-16.8630472],[-52.9884914,-16.867207399999899],[-52.985615799999898,-16.8661635],[-52.9820339,-16.866256399999902],[-52.976404,-16.863683799999901],[-52.9721668,-16.8696537],[-52.963477399999903,-16.8670908],[-52.9628499,-16.8652408999999],[-52.966382199999899,-16.8587899],[-52.962289499999898,-16.8587706],[-52.956020599999903,-16.8615032],[-52.9542436999999,-16.8591893],[-52.9541555,-16.857859099999899],[-52.956239599999897,-16.8545801],[-52.9590651,-16.8530223],[-52.957220999999898,-16.850469599999901],[-52.956332099999898,-16.8501314],[-52.950108199999903,-16.8527124999999],[-52.949703499999899,-16.8552612],[-52.952342299999899,-16.8586996],[-52.9518792,-16.8599113],[-52.9498081,-16.859796699999901],[-52.9450246,-16.8551914],[-52.945199699999897,-16.8529296],[-52.9481782,-16.8486184],[-52.948100199999899,-16.844781899999901],[-52.952832199999897,-16.8430951],[-52.952895399999903,-16.8409497],[-52.9495507,-16.8404318],[-52.9433238,-16.8426954],[-52.941199,-16.8423124],[-52.9395393,-16.840885699999902],[-52.936621499999902,-16.8414375999999],[-52.9348806,-16.8396051],[-52.932257799999903,-16.8415337],[-52.926988799999897,-16.8407170999999],[-52.927625299999903,-16.8388249],[-52.931093599999897,-16.8369757],[-52.932126,-16.835390399999898],[-52.9312662,-16.832396],[-52.9291423,-16.8293431],[-52.9292968,-16.826842],[-52.934249399999899,-16.8251485],[-52.9402454,-16.8149374],[-52.9440787999999,-16.8140273],[-52.944802599999903,-16.812978299999902],[-52.9416122,-16.8106773],[-52.936153299999901,-16.810786499999899],[-52.9337378,-16.8062174],[-52.933062999999898,-16.8031414],[-52.9265114,-16.8051225],[-52.9256488,-16.8101849],[-52.926796099999898,-16.814701199999899],[-52.928244199999902,-16.8169],[-52.9270066999999,-16.8188256],[-52.923265399999899,-16.8182183],[-52.9206268,-16.8170357],[-52.9173063,-16.8133705],[-52.9146856,-16.8130201],[-52.907724099999903,-16.8100875],[-52.9069994,-16.8070766],[-52.9074897,-16.8003578],[-52.9065467,-16.798275],[-52.8988749,-16.7945794],[-52.8927581,-16.794089799999899],[-52.8926637,-16.7923673999999],[-52.8891748,-16.788741],[-52.890047099999897,-16.7873228999999],[-52.8938133,-16.7866546],[-52.8942249,-16.7850769],[-52.892867,-16.7838601],[-52.8896657,-16.783110599999901],[-52.889355899999899,-16.7805466],[-52.8864672,-16.7798642],[-52.8844177,-16.7764073],[-52.8802674,-16.7756366999999],[-52.8778454,-16.779915699999901],[-52.8746988,-16.780919],[-52.867340399999897,-16.781241599999898],[-52.8661849,-16.7802318],[-52.866110299999903,-16.7764794],[-52.8628171,-16.7756707],[-52.863350599999897,-16.770727899999901],[-52.8624631,-16.7689976999999],[-52.859450599999903,-16.7685953],[-52.8569059,-16.7726077999999],[-52.8546949,-16.7735155999999],[-52.8520328,-16.7678998],[-52.848944199999899,-16.765994],[-52.8454717,-16.766646799999901],[-52.840832299999903,-16.7702720999999],[-52.8372442,-16.771896899999899],[-52.831674899999904,-16.772110699999899],[-52.8293704,-16.7701427],[-52.8311919,-16.7619933],[-52.8305036,-16.7602749],[-52.8277547,-16.758027],[-52.8221157,-16.7578885],[-52.8167043,-16.7488552],[-52.8115955,-16.7465253999999],[-52.808193199999899,-16.7422776],[-52.8067157999999,-16.7416471],[-52.8042902,-16.74234],[-52.8022233,-16.748017],[-52.8006776,-16.748953],[-52.7966167,-16.746750599999899],[-52.7944548,-16.741318799999899],[-52.7925243,-16.7401439],[-52.788366799999899,-16.7428151999999],[-52.786664899999899,-16.7427281],[-52.786236899999899,-16.7410439],[-52.7885075,-16.7335934],[-52.789326,-16.724751099999899],[-52.787554,-16.7181648],[-52.7856585,-16.714447],[-52.7789445,-16.7082599],[-52.772332999999897,-16.7069701],[-52.7623086,-16.707022799999901],[-52.7597734,-16.704012299999899],[-52.760357199999902,-16.7025403],[-52.762444,-16.701635199999899],[-52.7640304,-16.6979825999999],[-52.7633792,-16.6872332],[-52.7614674,-16.6792164999999],[-52.756196799999898,-16.6752544],[-52.755080399999898,-16.6737869],[-52.755119,-16.672283299999901],[-52.756046599999898,-16.6712946],[-52.759041399999902,-16.6711255],[-52.769057099999898,-16.672684699999898],[-52.7710407,-16.671554699999898],[-52.771291399999903,-16.6694257999999],[-52.7694824,-16.6675399],[-52.7631719,-16.6642434],[-52.752832399999903,-16.662221299999899],[-52.750803399999903,-16.6581335],[-52.748462199999899,-16.655819699999899],[-52.7458717,-16.655864999999899],[-52.7418082,-16.6580943],[-52.7401494,-16.6570172999999],[-52.7410747,-16.6520897],[-52.7456293,-16.6464758],[-52.7482234,-16.6398272],[-52.7478158,-16.634237299999899],[-52.7461918,-16.6306989],[-52.74486,-16.6298279],[-52.7407122,-16.6298138],[-52.7339426,-16.6331757],[-52.7297065,-16.6388153],[-52.7272098,-16.645642],[-52.724186,-16.6469772],[-52.722436899999899,-16.6471051],[-52.7205939,-16.6460733],[-52.7166192,-16.6419154],[-52.7149919,-16.6387918],[-52.715263999999898,-16.6370021],[-52.723286,-16.62299],[-52.7260216,-16.614496599999899],[-52.7378929,-16.6134819],[-52.7410464,-16.6106915999999],[-52.741326699999902,-16.6067323],[-52.7398108,-16.6037954],[-52.7370093,-16.6012863],[-52.731353399999897,-16.5994502],[-52.7308042,-16.5982139],[-52.7323919,-16.596111699999899],[-52.7399149,-16.591926],[-52.7400847,-16.5899573],[-52.735948699999902,-16.588944],[-52.733169599999897,-16.5859662999999],[-52.7275853,-16.5863466],[-52.7113161,-16.595161],[-52.708503699999902,-16.5996162],[-52.705216199999903,-16.5992671],[-52.7032115,-16.5963439],[-52.7063438,-16.587413599999898],[-52.7078584,-16.576517099999901],[-52.7067365,-16.572728799999901],[-52.7040671,-16.5711724],[-52.700319599999901,-16.5723240999999],[-52.6979919,-16.5753523],[-52.6946813,-16.5821902],[-52.6901023,-16.584605199999899],[-52.6819421,-16.585590099999902],[-52.6732905,-16.584921899999902],[-52.670699,-16.583284499999898],[-52.669949599999903,-16.5816065],[-52.6729273,-16.569626399999901],[-52.6718729,-16.5691368],[-52.668586199999901,-16.5698068999999],[-52.662261699999902,-16.572759399999899],[-52.660437699999903,-16.572508099999901],[-52.659646,-16.5709507],[-52.6616141,-16.566628599999898],[-52.668247999999899,-16.5612909],[-52.6702748,-16.558683],[-52.669951899999901,-16.5551856],[-52.667957499999901,-16.5510692],[-52.665893599999897,-16.550353299999902],[-52.6631217,-16.551378499999899],[-52.6587211,-16.5550086],[-52.6544823999999,-16.5607108],[-52.6506284,-16.5619278],[-52.6490711,-16.5599655],[-52.650617399999902,-16.5508487],[-52.649531399999901,-16.5477468],[-52.6457359,-16.5461826],[-52.6438067,-16.5472366999999],[-52.6405041,-16.5516208],[-52.6358217,-16.5519874],[-52.6350947,-16.5397905],[-52.633137,-16.537729199999902],[-52.629035799999897,-16.5378618999999],[-52.626869199999902,-16.535475599999899],[-52.625593099999897,-16.5309265],[-52.6264373,-16.528098699999902],[-52.6258063,-16.5215064],[-52.6286575,-16.5182062],[-52.6324121,-16.5160308],[-52.6345036,-16.5133438],[-52.6364277,-16.5090824],[-52.6373397,-16.502856399999899],[-52.6350232,-16.500780599999899],[-52.631635199999899,-16.500150599999898],[-52.6258402,-16.5034221999999],[-52.620311699999903,-16.5052097999999],[-52.6153204,-16.5037447],[-52.6127559,-16.5017546999999],[-52.6087188,-16.494437499999901],[-52.6060783,-16.4860242],[-52.6077928999999,-16.480888499999899],[-52.6064651,-16.4783451],[-52.6064961,-16.4767785],[-52.6122493,-16.4721426999999],[-52.613416599999901,-16.4701633],[-52.6132223,-16.4688462999999],[-52.6106659,-16.466822099999899],[-52.606214399999899,-16.4661905],[-52.6048549,-16.464881299999899],[-52.6047449,-16.4634543],[-52.6086261,-16.4593846],[-52.6133023,-16.4575935999999],[-52.616279,-16.4590446999999],[-52.6188362,-16.4651416],[-52.6207562,-16.4653331],[-52.6223041,-16.4613621999999],[-52.6222693,-16.456550499999899],[-52.617367199999897,-16.452786],[-52.6167558,-16.4504355],[-52.617241299999897,-16.448972399999899],[-52.6192182,-16.4463069],[-52.6248616,-16.444568999999898],[-52.6301488,-16.4400486],[-52.6339657,-16.4383874],[-52.6386778,-16.4375587],[-52.6393954,-16.4325365],[-52.644889099999901,-16.4271494],[-52.644371799999902,-16.4226825],[-52.640829499999903,-16.4178185],[-52.6413085,-16.4149],[-52.643870799999902,-16.412012],[-52.651677199999902,-16.408483],[-52.666299,-16.4115355],[-52.6745488,-16.4124040999999],[-52.678036899999903,-16.410208],[-52.681335299999901,-16.4049137],[-52.686156299999901,-16.401002199999901],[-52.687412,-16.3990004999999],[-52.689253999999899,-16.3945593],[-52.688125199999902,-16.392963],[-52.6884487,-16.3908577999999],[-52.6861628999999,-16.389127],[-52.680703999999899,-16.3881153],[-52.677593699999903,-16.3809965],[-52.678122099999896,-16.3787333],[-52.6824149,-16.375870899999899],[-52.685182499999897,-16.3720193999999],[-52.6917159,-16.3687725999999],[-52.692787,-16.3671524],[-52.690268199999899,-16.358570799999899],[-52.6904329,-16.3565571],[-52.693407299999897,-16.3524535],[-52.6932871,-16.350084799999902],[-52.6922087,-16.3483146],[-52.6851497,-16.346296499999902],[-52.68258,-16.3441296],[-52.6849582,-16.337977899999899],[-52.6859719,-16.3272454],[-52.6829339,-16.3232798],[-52.682531599999898,-16.3209027],[-52.6869076999999,-16.3155217999999],[-52.6847988,-16.3112535],[-52.682556599999899,-16.301742299999901],[-52.6775319,-16.3015844],[-52.6739444,-16.2936809],[-52.6698886,-16.2918711],[-52.6671051,-16.287514799999901],[-52.6579667,-16.280075399999902],[-52.6537238,-16.279445899999899],[-52.6499979,-16.284373],[-52.6479854,-16.2851416],[-52.6369251,-16.283104299999899],[-52.6297648,-16.2865818],[-52.6246927,-16.2868043],[-52.6193461,-16.2838801],[-52.6123577,-16.273471399999899],[-52.6103955,-16.271746699999898],[-52.6057954,-16.2706009],[-52.6001601,-16.270861099999902],[-52.5891948,-16.269497],[-52.587318,-16.2680703],[-52.5857525,-16.2612872],[-52.582719499999897,-16.2546894],[-52.5801771,-16.2512257],[-52.5776822999999,-16.249637],[-52.5747426,-16.2501401],[-52.5710607,-16.2526526],[-52.56653,-16.261274],[-52.5643559,-16.2641965],[-52.562480799999904,-16.265151499999899],[-52.5544848,-16.2655424],[-52.5507665,-16.264201399999902],[-52.546615599999903,-16.2608792999999],[-52.546120099999897,-16.2584386999999],[-52.5490851,-16.2569897],[-52.554596199999899,-16.2524165],[-52.561134099999897,-16.2400380999999],[-52.5689264,-16.2338872],[-52.5700378,-16.231591799999901],[-52.5696204,-16.228606199999899],[-52.5673027,-16.2247985],[-52.5659785,-16.224274],[-52.5490839,-16.2252657],[-52.5469353,-16.224492999999899],[-52.545272,-16.2226104],[-52.5468925,-16.2191106],[-52.5468504,-16.2132207],[-52.5486549,-16.2079072],[-52.5505031,-16.1875631],[-52.5495976,-16.1848785],[-52.5444203,-16.1817798],[-52.5435917,-16.1797207],[-52.5471476,-16.1695478],[-52.549254899999902,-16.167568],[-52.549165899999899,-16.1649955],[-52.5473373,-16.1632322],[-52.5453459,-16.163328],[-52.535643799999903,-16.1599179],[-52.526449899999903,-16.1553939],[-52.5252263,-16.151908299999899],[-52.5267706,-16.1436413],[-52.5259589,-16.141064],[-52.5202639,-16.138969],[-52.516075,-16.133905899999899],[-52.5136739,-16.1335515],[-52.5020554,-16.1421354],[-52.4985674,-16.1421392],[-52.4918094,-16.1381407],[-52.4904093,-16.1326352],[-52.488135999999898,-16.1304309],[-52.480634199999898,-16.1291563999999],[-52.4766344,-16.1264621],[-52.460572899999903,-16.1277183],[-52.454646,-16.1231591],[-52.4493297,-16.1168809],[-52.4395408,-16.110084099999899],[-52.433556199999899,-16.107610099999899],[-52.4270144,-16.106281099999901],[-52.420402399999901,-16.102107499999899],[-52.4087546,-16.0995569],[-52.3988793,-16.093342399999901],[-52.3928074,-16.0935731],[-52.3806109,-16.098921699999899],[-52.377126099999899,-16.0990815],[-52.372894,-16.098129899999901],[-52.3708874,-16.0950996],[-52.370067199999902,-16.0877149],[-52.367252,-16.0833084],[-52.3589071,-16.081257],[-52.354153499999903,-16.084434499999901],[-52.352404799999903,-16.0846898],[-52.348981799999898,-16.0832432999999],[-52.3403979,-16.0772172],[-52.3331747,-16.074356599999899],[-52.329937899999898,-16.0721758],[-52.3280995,-16.069275699999899],[-52.327925299999897,-16.063033399999899],[-52.325509699999898,-16.0497253],[-52.321236499999898,-16.0458507],[-52.3238941,-16.040899099999901],[-52.3240426999999,-16.0378143],[-52.320369099999901,-16.0310911],[-52.3156698,-16.0270484],[-52.3132237,-16.0114836],[-52.310815799999901,-16.0070365],[-52.297192299999899,-15.9953930999999],[-52.290184,-15.983431],[-52.28913,-15.979414599999901],[-52.2907848,-15.9685307999999],[-52.2903395,-15.9655471999999],[-52.2852538,-15.9618465999999],[-52.278802599999899,-15.9554722],[-52.266918,-15.947723799999901],[-52.2651805,-15.9447241999999],[-52.2660035,-15.9405196],[-52.264630399999902,-15.9361984],[-52.258926899999899,-15.9329941],[-52.256895299999897,-15.9308847],[-52.2560328,-15.9191324],[-52.252182699999899,-15.9079146],[-52.2523883,-15.9039003999999],[-52.2549334999999,-15.896770499999899],[-52.2546351,-15.8943201],[-52.2533433,-15.8925619],[-52.2479693,-15.8901847],[-52.2350251,-15.8892741999999],[-52.2236813,-15.8913964999999],[-52.2159323,-15.8915822],[-52.2052181,-15.888006399999901],[-52.199286099999902,-15.882706299999899],[-52.1948685,-15.8809355],[-52.1926654,-15.880842],[-52.1879438,-15.882100099999899],[-52.1751265,-15.8880196],[-52.1527237,-15.888917],[-52.1443164,-15.8908886999999],[-52.1349521,-15.8948237999999],[-52.131382099999897,-15.8954985],[-52.1261299,-15.8942608999999],[-52.121144,-15.8908877],[-52.114944299999898,-15.885125],[-52.109638899999901,-15.882653],[-52.1060578,-15.883649],[-52.1005084,-15.8890451],[-52.0972083,-15.8886067],[-52.0945244,-15.8845241],[-52.0914018,-15.8824978],[-52.0801521,-15.880963199999901],[-52.0733217,-15.8816545999999],[-52.0629695,-15.8864161999999],[-52.057687299999898,-15.8875426],[-52.0466633,-15.8882305],[-52.0386521,-15.8861358999999],[-52.031770299999899,-15.8880657],[-52.0275745,-15.8882616999999],[-52.0145457,-15.8870191],[-52.0095332,-15.8858114999999],[-52.0079674,-15.8846313999999],[-52.005402699999898,-15.879431],[-51.9992219,-15.8759385999999],[-51.9967083,-15.8732770999999],[-51.9939512,-15.8685561],[-51.9917081,-15.859191699999901],[-51.9886013,-15.8520705],[-51.9852784,-15.8465135],[-51.981304099999903,-15.8425042],[-51.974269799999902,-15.838481199999899],[-51.970643799999898,-15.8378668],[-51.967354699999902,-15.8379654999999],[-51.9594331,-15.840040499999899],[-51.956467599999897,-15.8398576],[-51.9548857,-15.8386513999999],[-51.9531249,-15.8344787999999],[-51.956271199999897,-15.8266432],[-51.955911699999902,-15.8185415],[-51.9532348,-15.813464199999901],[-51.9512814,-15.811466],[-51.948454899999902,-15.8100984],[-51.9129113,-15.813233599999901],[-51.9047553999999,-15.8187227999999],[-51.8922896,-15.8311214],[-51.8874443,-15.8318088],[-51.8826701,-15.8284853],[-51.879841,-15.8229438],[-51.878179,-15.8090154],[-51.8763102,-15.8020546999999],[-51.873320799999902,-15.7981394999999],[-51.8624831,-15.7911908],[-51.8592472999999,-15.7874643],[-51.8391108,-15.7503700999999],[-51.834519499999899,-15.7438316],[-51.8287351,-15.736668],[-51.823326699999903,-15.7314335],[-51.808684899999903,-15.7274391],[-51.805145099999898,-15.725771199999899],[-51.803793799999902,-15.7237057999999],[-51.8033503,-15.720272099999899],[-51.8059717,-15.7136431],[-51.8057386,-15.7112483],[-51.8025989,-15.7043353999999],[-51.778268399999902,-15.6669836999999],[-51.7651493,-15.6495527],[-51.7571321,-15.6334464999999],[-51.754445,-15.618153699999899],[-51.754235,-15.6124359],[-51.7616464,-15.596838],[-51.7702604,-15.5736429],[-51.7780802,-15.560362499999901],[-51.7798514,-15.5554215],[-51.7806783999999,-15.5464226999999],[-51.780018,-15.542408],[-51.7772681,-15.534984999999899],[-51.7751307999999,-15.5322677999999],[-51.768449599999897,-15.5298094],[-51.7643085,-15.5292719],[-51.760886,-15.5300637],[-51.757088199999899,-15.5345566999999],[-51.7564093,-15.5372138],[-51.755971499999902,-15.5399727],[-51.757945699999901,-15.550582599999901],[-51.7556134,-15.5574154],[-51.750498999999898,-15.561009],[-51.746787299999902,-15.5617248],[-51.7427967,-15.5609583],[-51.7393436,-15.5592768],[-51.7277197,-15.5496448],[-51.7260249,-15.5470955],[-51.7255764,-15.544129],[-51.727427,-15.5395778999999],[-51.7334026,-15.5340863],[-51.7357727999999,-15.5306687999999],[-51.7371803,-15.5267964999999],[-51.7378729,-15.5170808999999],[-51.736050299999903,-15.509896099999899],[-51.7318548,-15.5040450999999],[-51.7285664,-15.501806299999901],[-51.7249035,-15.5004668999999],[-51.7130824,-15.499384099999901],[-51.705730199999898,-15.4975623999999],[-51.7011146,-15.4915164],[-51.6994028,-15.4879127],[-51.6991327,-15.4801272],[-51.7000568,-15.474000799999899],[-51.707856799999902,-15.464151],[-51.7092675,-15.461628],[-51.7094595,-15.4594918],[-51.7092638,-15.4573558],[-51.7030872999999,-15.4441141999999],[-51.6943479,-15.4375616999999],[-51.6912832,-15.4308953],[-51.6912771,-15.4258682],[-51.697635299999902,-15.4151401999999],[-51.6972226,-15.4091862],[-51.6932168,-15.4005718],[-51.6882211,-15.392626199999899],[-51.683219699999903,-15.3866743],[-51.672922399999898,-15.3804190999999],[-51.6702529,-15.3770211],[-51.669531,-15.374421],[-51.6711817999999,-15.3685667999999],[-51.671870899999902,-15.3616124],[-51.6734931,-15.3576507],[-51.6787249,-15.3551181999999],[-51.686046099999899,-15.3488603],[-51.6873706,-15.3468505],[-51.69144,-15.328155099999901],[-51.6914677,-15.3249149],[-51.688296099999903,-15.3116252],[-51.6845963,-15.2998507],[-51.6797381,-15.290064],[-51.6738023999999,-15.285435699999899],[-51.6506993,-15.2730935],[-51.6464917,-15.267796599999899],[-51.6456550999999,-15.2649953],[-51.6458049,-15.2587634],[-51.6471309,-15.256592],[-51.6531034,-15.2539171],[-51.6555251,-15.2538458],[-51.661670699999902,-15.2557123],[-51.665678399999898,-15.2556501999999],[-51.668793,-15.2546151],[-51.6707804,-15.2526046999999],[-51.6719626,-15.247809199999899],[-51.671258,-15.2407904999999],[-51.6681963999999,-15.2321668],[-51.658606,-15.2152067],[-51.653300699999903,-15.209618599999899],[-51.6507182,-15.2033039],[-51.6497381,-15.1997967],[-51.649797,-15.18932],[-51.6522952,-15.181944],[-51.651158,-15.1772548],[-51.6474271,-15.173462099999901],[-51.6295112,-15.1666805999999],[-51.614911199999902,-15.1630352],[-51.606134499999897,-15.162297],[-51.601781,-15.1604943],[-51.5953418,-15.1551845],[-51.5926616,-15.1523609],[-51.5891831,-15.1445572],[-51.5863887,-15.1335698999999],[-51.582957099999902,-15.1283586],[-51.564079799999902,-15.1086091],[-51.552512799999903,-15.1046820999999],[-51.5491423,-15.102896],[-51.546890699999899,-15.1004651],[-51.5436379,-15.0934669],[-51.541383499999903,-15.0831287999999],[-51.5341081,-15.0652021999999],[-51.530855599999903,-15.061676],[-51.5273318,-15.0591501],[-51.523475399999903,-15.057712],[-51.5131815,-15.0565693],[-51.5020542,-15.0577074],[-51.497894099999897,-15.0571337],[-51.4912662999999,-15.053371599999901],[-51.487536599999899,-15.0523281],[-51.4789508,-15.0505522],[-51.4680594,-15.0503856],[-51.4620029,-15.0479796999999],[-51.4441342,-15.0345996],[-51.4404026999999,-15.0295988999999],[-51.4322496999999,-15.0119852999999],[-51.4304812,-15.009834699999899],[-51.426963199999904,-15.0076658999999],[-51.4213319,-15.0059036],[-51.4017387,-15.0028533999999],[-51.386602599999897,-15.0057624],[-51.376929699999899,-15.0102626],[-51.3733301,-15.010725299999899],[-51.3682419,-15.0095731],[-51.3595787,-15.0023992],[-51.3412723,-14.9804976999999],[-51.3387486,-14.975102],[-51.3355323,-14.9717535],[-51.333078999999898,-14.9701173],[-51.3290309,-14.9696173],[-51.3248033,-14.9704199],[-51.3148515,-14.9770837],[-51.307050699999898,-14.980970699999901],[-51.3042871,-14.9844838],[-51.3021876,-14.98859],[-51.299315,-15.0029266999999],[-51.3006391,-15.014211499999901],[-51.299966299999902,-15.018336799999901],[-51.295042,-15.030248599999901],[-51.285043599999902,-15.0385234],[-51.2759113,-15.043755099999901],[-51.271670099999902,-15.044993],[-51.2676087,-15.044413],[-51.2584471,-15.039255099999901],[-51.253092299999899,-15.0345144],[-51.247111699999898,-15.0319441],[-51.2403049,-15.0292875],[-51.225453199999897,-15.0269286999999],[-51.2190088,-15.0247016],[-51.216037,-15.022022],[-51.208371999999898,-15.0092673],[-51.1983989,-15.0027752],[-51.163424899999903,-14.988947499999901],[-51.15705,-14.985610999999899],[-51.150811099999899,-14.9780072],[-51.1477045,-14.970236199999899],[-51.1476104,-14.9624362],[-51.1499254,-14.9588884],[-51.1507778,-14.9541776],[-51.1484541,-14.9461542999999],[-51.1449181,-14.943410599999901],[-51.1327686,-14.9407527],[-51.113508,-14.9299219],[-51.0871098,-14.9213487],[-51.0843133,-14.9125610999999],[-51.084451499999901,-14.9081361999999],[-51.085519299999902,-14.9035587999999],[-51.0930003,-14.8935438],[-51.093958,-14.874478199999899],[-51.0932647,-14.8551975],[-51.0896375,-14.8401805],[-51.0777322,-14.818482699999899],[-51.0707095,-14.8099634],[-51.051170399999897,-14.7991673],[-51.0472645,-14.7962934999999],[-51.0448213,-14.7928386],[-51.043665099999899,-14.7885185],[-51.0439071,-14.7825721],[-51.0451073,-14.7771091999999],[-51.0566607,-14.7612963999999],[-51.0583951,-14.7569463],[-51.0582449,-14.751669999999899],[-51.0531885,-14.7388819],[-51.0419719,-14.7276626999999],[-51.038583699999897,-14.7203678999999],[-51.030108599999899,-14.7096743],[-51.029233,-14.7074084],[-51.0284083,-14.7001635999999],[-51.0260412,-14.691053],[-51.0263897,-14.6888860999999],[-51.0311652,-14.6809294999999],[-51.031754799999902,-14.6778724],[-51.0266586,-14.6593581],[-51.0219455,-14.6528881999999],[-51.0100072,-14.6457339],[-50.9998868,-14.630031099999901],[-50.9928355,-14.6124579],[-50.9925499,-14.5996938],[-50.9976053,-14.5818042],[-50.997655,-14.5780851],[-50.9962494,-14.5746109],[-50.9937050999999,-14.5701432],[-50.9824747,-14.5563529],[-50.974193399999898,-14.54105],[-50.9642292,-14.5282976999999],[-50.9627206,-14.5239073],[-50.9626562999999,-14.5202697],[-50.963496399999897,-14.517884599999901],[-50.9704935,-14.5124026],[-50.9722805,-14.5090112999999],[-50.9731477,-14.505175999999899],[-50.973025,-14.4976842],[-50.9680137,-14.4819970999999],[-50.9694661999999,-14.4752596],[-50.9713919,-14.4715696],[-50.9771314,-14.464879199999899],[-50.981184799999902,-14.4632381],[-50.9844571,-14.4608127999999],[-50.9889651,-14.4535716],[-50.989902099999902,-14.4484520999999],[-50.9889247999999,-14.4440686999999],[-50.9851538,-14.4380882],[-50.9849149,-14.4319171],[-50.9862050999999,-14.4290272],[-50.996087799999898,-14.4189618999999],[-50.9978306,-14.4156747],[-50.9978671,-14.4138103999999],[-50.9921588,-14.3944875],[-50.985056799999903,-14.3791097],[-50.9844831999999,-14.3764446],[-50.9879462,-14.3641198],[-50.988200499999898,-14.3599682],[-50.987267599999903,-14.3577387999999],[-50.9817118,-14.352158],[-50.9786624,-14.347133999999899],[-50.9693146,-14.3358322999999],[-50.9670477,-14.3317223],[-50.9661172,-14.327116799999899],[-50.9684662,-14.3166155],[-50.9763106999999,-14.3070228],[-50.9777364,-14.3040483],[-50.9781733,-14.2972435999999],[-50.966436299999899,-14.2690076],[-50.9548889,-14.2332145],[-50.9402094,-14.2184688999999],[-50.936496299999902,-14.2065517],[-50.9315923,-14.1972175],[-50.9290938,-14.190447699999901],[-50.9233151,-14.1804903],[-50.9229359,-14.1757742],[-50.9215392999999,-14.173350099999899],[-50.9146274,-14.1699310999999],[-50.9137226,-14.1685097],[-50.9108313,-14.157558499999899],[-50.9100275,-14.148418999999899],[-50.912081699999902,-14.1417385],[-50.9197824,-14.1266249],[-50.9194892,-14.1186033999999],[-50.917968599999902,-14.1160917],[-50.9146625,-14.1136339],[-50.908759,-14.1110828],[-50.9037008,-14.1102235],[-50.9004246,-14.1121815],[-50.8987313,-14.1149354999999],[-50.8980447,-14.1247916],[-50.8951036999999,-14.130869599999899],[-50.8928475,-14.1322398],[-50.886527199999897,-14.1321283],[-50.8775903,-14.1250348999999],[-50.8738882,-14.119824499999901],[-50.871119399999898,-14.11793],[-50.8679837,-14.1177018],[-50.860459299999903,-14.1217255999999],[-50.857438499999901,-14.1210260999999],[-50.8518089,-14.1176257],[-50.8483352,-14.1143918999999],[-50.834882299999897,-14.0946837],[-50.8317317,-14.0860521],[-50.8314344,-14.080655299999901],[-50.832911099999897,-14.070859599999901],[-50.8377902,-14.063750399999901],[-50.839734899999897,-14.0536723],[-50.841280599999898,-14.0500115],[-50.847752199999903,-14.039762],[-50.855043899999899,-14.0258772999999],[-50.8560626,-14.0209672],[-50.8561864,-14.019329399999901],[-50.854778199999899,-14.0164267],[-50.8487529,-14.0083926999999],[-50.8471508,-13.9997948],[-50.848647399999898,-13.9976758],[-50.8547248,-13.9941461],[-50.8593642,-13.9899027],[-50.864674299999898,-13.983954299999899],[-50.8663329,-13.979648],[-50.8673281,-13.9683348],[-50.8657853,-13.9598445],[-50.8626275,-13.9540243],[-50.8568157999999,-13.9481206],[-50.845903,-13.9344029],[-50.8402336,-13.9236819],[-50.8400172,-13.917762799999901],[-50.8413652999999,-13.909149399999899],[-50.8403395,-13.900352199999899],[-50.8415145,-13.892243899999899],[-50.8406443,-13.863788699999899],[-50.8426921,-13.8563417],[-50.8454027,-13.851611799999899],[-50.8551553,-13.8392044],[-50.8590854999999,-13.8287048],[-50.856983,-13.8137682999999],[-50.8549063,-13.8062879],[-50.8543701,-13.7997614],[-50.858746499999903,-13.7794423],[-50.853368499999902,-13.7688507],[-50.8528729,-13.7646222],[-50.853563,-13.7609768],[-50.8552692,-13.7573505],[-50.858311399999899,-13.7536608999999],[-50.8684972,-13.7445696],[-50.872127299999903,-13.7399010999999],[-50.873566599999897,-13.736915199999901],[-50.873299599999903,-13.732411699999901],[-50.869019299999898,-13.7248041999999],[-50.8613369,-13.7186374],[-50.848213,-13.7127709],[-50.8297337,-13.7098142999999],[-50.8257639,-13.7080161],[-50.8167185,-13.701653599999901],[-50.8110085,-13.6992665999999],[-50.806225799999901,-13.6938145999999],[-50.8041592,-13.6902021],[-50.7993537,-13.6742030999999],[-50.786569,-13.6466268],[-50.7849418,-13.63769],[-50.7846464,-13.626185],[-50.7836065,-13.620394099999899],[-50.778761599999903,-13.6118321],[-50.7715851,-13.6045005],[-50.768432699999899,-13.5955200999999],[-50.7664363,-13.5820128],[-50.768587599999897,-13.5687879],[-50.7683782,-13.5608543],[-50.7659828,-13.5504043],[-50.763445299999901,-13.5331563999999],[-50.7614253,-13.5253605],[-50.7589998,-13.520315299999901],[-50.7478849,-13.5125942],[-50.7369017,-13.5032002],[-50.723551299999897,-13.497959799999901],[-50.7148156,-13.4914731],[-50.6940354,-13.4695508],[-50.6916808,-13.4647219],[-50.6885214,-13.4521602999999],[-50.6866395,-13.4486750999999],[-50.6835249,-13.445191],[-50.6726894,-13.4414502999999],[-50.666467,-13.437797],[-50.6639456,-13.434956499999901],[-50.6630971,-13.4308000999999],[-50.6631975,-13.4257564],[-50.6658656,-13.413486099999901],[-50.6692482999999,-13.4024863],[-50.6696223,-13.397619599999899],[-50.665323699999902,-13.375565799999899],[-50.6562928,-13.3679286],[-50.6514579,-13.3655964],[-50.646495899999898,-13.3619687999999],[-50.6419566,-13.3552455],[-50.6318946,-13.3442562999999],[-50.6236072,-13.3304987999999],[-50.6085957,-13.3175954],[-50.6068516,-13.305713899999899],[-50.6072199,-13.282772399999899],[-50.6066294,-13.2789389],[-50.6055947,-13.2750748],[-50.6042199,-13.2734823],[-50.599987999999897,-13.2728150999999],[-50.5980256,-13.271661],[-50.592727,-13.260558199999901],[-50.5919848,-13.2570436],[-50.592968299999903,-13.2506953999999],[-50.5923644,-13.2466833],[-50.5904077,-13.2376029],[-50.585458199999898,-13.226221899999899],[-50.5841755,-13.217696299999901],[-50.584995499999899,-13.2152535],[-50.593105099999903,-13.2040011],[-50.6017821,-13.1960983],[-50.6047,-13.1914869],[-50.605935799999898,-13.1875102],[-50.6059245,-13.183552],[-50.602668499999901,-13.1753696],[-50.5948548,-13.1662646],[-50.5936237,-13.1636574999999],[-50.5939362,-13.158788],[-50.5969521,-13.1535536],[-50.598844799999902,-13.1467142],[-50.5997449,-13.142232],[-50.5995303,-13.1360913],[-50.5983429,-13.1313180999999],[-50.592895499999898,-13.1213081999999],[-50.5916255,-13.107950399999901],[-50.5945502,-13.096701],[-50.6039102,-13.0865876999999],[-50.6079910999999,-13.0708364],[-50.610318699999901,-13.0647587999999],[-50.6100443,-13.0603692],[-50.608904299999899,-13.0571358],[-50.6064732,-13.054002899999899],[-50.6020449,-13.051547],[-50.5982183,-13.0508067],[-50.592929,-13.0531228999999],[-50.579805399999898,-13.0549129],[-50.576313399999897,-13.0541372],[-50.574210999999899,-13.0522621],[-50.5701653,-13.045143],[-50.5688148,-13.0400332],[-50.5692017,-13.0373786],[-50.570848899999902,-13.0342016],[-50.582453,-13.0251325999999],[-50.591147099999901,-13.013997199999899],[-50.5935939,-13.0072101],[-50.592942,-13.0034889],[-50.5905238,-13.0004264],[-50.5872691,-12.998488199999899],[-50.582884,-12.9974025],[-50.5699559,-12.996238199999899],[-50.561134099999897,-12.9925253],[-50.5530284,-12.9934494],[-50.548804,-12.992820299999901],[-50.5449207,-12.9899816],[-50.5428223,-12.9873946],[-50.539778,-12.9794605],[-50.5376929,-12.9774133999999],[-50.527867899999897,-12.977161099999901],[-50.525504399999903,-12.9760211999999],[-50.524143799999898,-12.973651599999901],[-50.5237278,-12.971183199999899],[-50.524637799999901,-12.9641333],[-50.5276,-12.9506552999999],[-50.5279325,-12.9438044],[-50.5263757,-12.9339305],[-50.5226011,-12.9247626],[-50.5134791999999,-12.9128663],[-50.512448999999897,-12.909185099999901],[-50.5126005,-12.892367799999899],[-50.510974,-12.8867658],[-50.507159699999903,-12.8832603],[-50.4995742999999,-12.8795099],[-50.4985856,-12.877265099999899],[-50.4985495,-12.87366],[-50.4998954,-12.8678115],[-50.5052145,-12.8637014999999],[-50.5109783,-12.8608967],[-50.5070724999999,-12.857941],[-50.508136,-12.852756],[-50.507203699999899,-12.8507063],[-50.503634,-12.8506995],[-50.501864699999899,-12.847710399999899],[-50.4968076,-12.845855299999901],[-50.4958556999999,-12.844634],[-50.4940496,-12.840611099999901],[-50.494100499999902,-12.8346587],[-50.4905969,-12.831015299999899],[-50.489784799999903,-12.827492],[-50.493858799999899,-12.8189634],[-50.4937254,-12.8174319],[-50.4910229,-12.8131202],[-50.4838415,-12.8105787],[-50.488080599999897,-12.802109],[-50.492556599999901,-12.7971795],[-50.490650899999899,-12.794400499999901],[-50.492272199999903,-12.7931212],[-50.4939176,-12.7895068999999],[-50.4932856,-12.7836871],[-50.4870599,-12.7763636],[-50.4749808,-12.7707892],[-50.4741452,-12.7681916999999],[-50.477456699999898,-12.7639874],[-50.4773322,-12.7593338],[-50.4736329,-12.756587],[-50.4686383,-12.7555841],[-50.467797699999899,-12.7542594],[-50.468708499999899,-12.752323299999899],[-50.4772469,-12.753395399999899],[-50.483776299999903,-12.7511569],[-50.487409399999898,-12.7451063999999],[-50.4854427,-12.7413463999999],[-50.4833995,-12.7393087],[-50.4778472,-12.737025],[-50.470194499999899,-12.736914],[-50.469613099999897,-12.7352142],[-50.465089099999901,-12.7308029],[-50.467326,-12.721644099999899],[-50.471378899999898,-12.7181113],[-50.477353,-12.7164961999999],[-50.4785507,-12.7147758999999],[-50.4786553,-12.7112830999999],[-50.4750344,-12.7063234],[-50.472698099999903,-12.7047876],[-50.468922899999903,-12.7037751999999],[-50.4661929,-12.7041047],[-50.4640016,-12.7031671999999],[-50.4621845,-12.6981392],[-50.4619498,-12.6938322],[-50.4608311,-12.6927772],[-50.4537367,-12.6943178],[-50.4514404,-12.696944899999901],[-50.4498306999999,-12.697611499999899],[-50.446759799999903,-12.6978204],[-50.4425712,-12.696543599999901],[-50.4389381,-12.6975408],[-50.43665,-12.6963635999999],[-50.4351695,-12.693680899999899],[-50.432713099999901,-12.691522399999901],[-50.4316494,-12.6876682],[-50.4343807,-12.6867409],[-50.434098499999898,-12.6820989],[-50.4363734,-12.678108199999899],[-50.4315702,-12.6684801],[-50.4320372,-12.6666149],[-50.4349693999999,-12.662864899999899],[-50.4355366,-12.659755899999899],[-50.4342991,-12.6574325],[-50.430987199999898,-12.6566597999999],[-50.427897099999903,-12.6547871],[-50.4269275999999,-12.652488199999899],[-50.4290058,-12.6492627],[-50.4341949,-12.6494173999999],[-50.435991,-12.652555399999899],[-50.4361772,-12.6565034],[-50.437027199999903,-12.6577732],[-50.4382692,-12.658039],[-50.4408321,-12.6559629],[-50.4404503,-12.6522537],[-50.433735199999902,-12.647980899999901],[-50.427535599999899,-12.6420580999999],[-50.426050599999897,-12.6415524999999],[-50.4215864,-12.6440789],[-50.419940499999903,-12.6501044999999],[-50.4188171,-12.6512504],[-50.4172083,-12.6516296999999],[-50.414870999999899,-12.6508828999999],[-50.412367399999901,-12.6482935],[-50.4119148999999,-12.6437467],[-50.4171486,-12.6349777],[-50.4181009,-12.6244472999999],[-50.4118685,-12.61731],[-50.406403,-12.6131288999999],[-50.393054199999902,-12.6128237999999],[-50.390822399999898,-12.611461],[-50.3903437,-12.6078532],[-50.3914991,-12.6049704],[-50.3934325,-12.6032092],[-50.3973366,-12.602493099999901],[-50.398383899999899,-12.6014906],[-50.3912625,-12.5937585999999],[-50.386478,-12.5898503],[-50.3853492,-12.5820816],[-50.3834722,-12.5786464999999],[-50.3794167,-12.575600999999899],[-50.3686206,-12.5749829],[-50.3661794,-12.5732353999999],[-50.3648762,-12.5683516],[-50.3650691,-12.565165299999901],[-50.369214199999902,-12.5592895],[-50.3695501,-12.557338],[-50.366081199999897,-12.5536645],[-50.3590465,-12.5541167],[-50.3575226,-12.5518640999999],[-50.358578899999898,-12.550163199999901],[-50.365990399999902,-12.5470131],[-50.3659843,-12.5455011],[-50.3599857,-12.5406730999999],[-50.3578054,-12.539959699999899],[-50.352173299999897,-12.5406161],[-50.349486,-12.5435788],[-50.3467127,-12.5427847999999],[-50.3452867,-12.540408],[-50.3470929,-12.5349287999999],[-50.3462122,-12.5326299],[-50.3385648,-12.5329078],[-50.3348157,-12.5362671999999],[-50.331495899999901,-12.5354838],[-50.3298166,-12.533211499999901],[-50.3294849,-12.5296506999999],[-50.3336406,-12.519679499999899],[-50.3284935,-12.5137429],[-50.3265751,-12.5135754],[-50.3249268,-12.5144038999999],[-50.3217622,-12.5177454],[-50.316853599999902,-12.521254699999901],[-50.3132208,-12.5210923],[-50.311552699999901,-12.5183415],[-50.3127301,-12.5151003],[-50.318767299999898,-12.5083784],[-50.3237943,-12.5079221],[-50.3244294,-12.5071773],[-50.3214371,-12.504241299999901],[-50.316992,-12.5018006],[-50.310416099999898,-12.4953762],[-50.304305499999899,-12.4918696],[-50.289254,-12.486352],[-50.2846597,-12.4832438999999],[-50.281732,-12.4781621],[-50.2776046,-12.4809933],[-50.275441999999899,-12.4811741],[-50.2683648,-12.4783702],[-50.261692099999898,-12.477217999999899],[-50.2558543,-12.470196799999901],[-50.2541074,-12.4629715],[-50.253030399999901,-12.4616048],[-50.2500004,-12.4597874999999],[-50.2379688,-12.4574724],[-50.2283186,-12.4541338],[-50.2270961,-12.4526182999999],[-50.226449,-12.447525299999899],[-50.2245253,-12.446046],[-50.2221488,-12.4462306],[-50.2189483,-12.4484224999999],[-50.2157134,-12.4491020999999],[-50.2110979,-12.4490504],[-50.2073038999999,-12.447852699999901],[-50.205792899999899,-12.445207],[-50.2084714,-12.4417506],[-50.210109,-12.4411810999999],[-50.214662599999897,-12.442342799999899],[-50.2157751,-12.4415420999999],[-50.2156815,-12.4402595],[-50.2126893,-12.437973199999901],[-50.2117812,-12.4355972999999],[-50.204579099999897,-12.4344851999999],[-50.197500799999901,-12.4311149],[-50.194581099999901,-12.430666],[-50.186979199999897,-12.4329784],[-50.184061,-12.4320509],[-50.1833306,-12.4289481],[-50.1862186,-12.4234413999999],[-50.1971905,-12.4188907999999],[-50.1984992,-12.417574],[-50.1980411,-12.4145677],[-50.195886099999903,-12.4124368999999],[-50.193299099999898,-12.411534399999899],[-50.189409,-12.4132453999999],[-50.188204599999899,-12.4154667],[-50.189183399999898,-12.4200918999999],[-50.1864585,-12.4221289],[-50.1855557,-12.4210502],[-50.1843865,-12.4213146],[-50.1831523,-12.4236842],[-50.1785955,-12.423727799999901],[-50.173166799999898,-12.422333299999901],[-50.171670499999898,-12.4213526],[-50.170666,-12.418804],[-50.1716906,-12.4149983],[-50.1719125,-12.406405399999899],[-50.1711175,-12.4053503],[-50.166077,-12.404492699999899],[-50.159669999999899,-12.4047217999999],[-50.1586804,-12.4036469],[-50.158067399999901,-12.4005061],[-50.150906,-12.3992397],[-50.1479391,-12.3954982999999],[-50.141802,-12.3953956],[-50.150731999999898,-12.4003579],[-50.157725,-12.4116337],[-50.1591698,-12.4164996],[-50.157800199999897,-12.4245721],[-50.158598599999898,-12.4306227],[-50.1617863,-12.4324890999999],[-50.1634132,-12.4352885],[-50.1657253,-12.4369416],[-50.1741580999999,-12.4368143],[-50.1791191,-12.4383606],[-50.181209899999899,-12.4423479],[-50.180621,-12.450040199999901],[-50.182012,-12.4536044],[-50.185568499999903,-12.456026699999899],[-50.195985199999903,-12.4569382999999],[-50.2007292,-12.4595745],[-50.202933599999902,-12.464767799999899],[-50.2036408,-12.4755453999999],[-50.2097707,-12.477343399999899],[-50.212375,-12.479207599999899],[-50.2151519,-12.4819909],[-50.2176095,-12.487357099999899],[-50.2182602,-12.491186899999899],[-50.2178491,-12.4983439],[-50.2187033,-12.5017786],[-50.2184498,-12.514831],[-50.223720199999903,-12.524262899999901],[-50.226184499999903,-12.5275237999999],[-50.228518,-12.5289658999999],[-50.229524399999903,-12.531189],[-50.2253448,-12.534737],[-50.2227488,-12.5428636999999],[-50.2175460999999,-12.5431932],[-50.213639199999903,-12.5466268],[-50.2139409,-12.5499197],[-50.211310099999899,-12.5565151],[-50.21126,-12.5603419],[-50.2076686,-12.5622653],[-50.204866599999903,-12.5610895],[-50.203900599999898,-12.5584072],[-50.2058994,-12.5546618],[-50.204773799999899,-12.553223],[-50.202866599999901,-12.552528299999899],[-50.2014426,-12.5530982],[-50.2005607,-12.5547799],[-50.1988698,-12.5534350999999],[-50.197309699999899,-12.5539089],[-50.1946881,-12.557384399999901],[-50.1948163,-12.560025999999899],[-50.191984499999897,-12.5621611],[-50.193712699999899,-12.564061099999901],[-50.196632099999903,-12.5650843],[-50.2013347,-12.562801599999901],[-50.2049742,-12.5640948],[-50.207071,-12.5665508],[-50.207346899999898,-12.5718914999999],[-50.2131462,-12.5742053],[-50.219610799999899,-12.5820714],[-50.2240634,-12.5852614999999],[-50.2278802,-12.5860380999999],[-50.229635099999904,-12.5856413],[-50.2312378,-12.5839999],[-50.233262399999902,-12.578091599999899],[-50.2350377,-12.5773692999999],[-50.237527699999902,-12.5787352999999],[-50.244760299999903,-12.597474299999901],[-50.244248,-12.599406],[-50.2413418,-12.6003355999999],[-50.240597099999903,-12.601749799999901],[-50.242524199999899,-12.6090857],[-50.238645,-12.616118],[-50.236381499999901,-12.6236716],[-50.238501799999902,-12.6250024],[-50.2440586,-12.6264732],[-50.245194599999898,-12.6295148],[-50.246519799999902,-12.6303798],[-50.248032099999897,-12.6297142],[-50.2528551999999,-12.623586799999901],[-50.253817,-12.6233574],[-50.2560675,-12.6343934],[-50.2573116,-12.635507],[-50.2611873,-12.6364747],[-50.258550699999901,-12.6451185],[-50.2629649,-12.6486333],[-50.2668987,-12.649792499999901],[-50.268432899999901,-12.6517489],[-50.2673943,-12.6605311],[-50.2641767,-12.6610582],[-50.262984,-12.6623754999999],[-50.2636153,-12.6665305],[-50.267419699999898,-12.672129799999899],[-50.2698602,-12.6775721],[-50.269075299999898,-12.6794073],[-50.2652313,-12.680774799999901],[-50.2653247,-12.6821722],[-50.2688492,-12.683483399999901],[-50.271462,-12.6832418],[-50.2745298,-12.6806472],[-50.2761356,-12.678010299999899],[-50.2776373,-12.677746399999901],[-50.280128299999902,-12.6792078],[-50.2807875,-12.6804918999999],[-50.280760299999898,-12.683228799999901],[-50.279485899999898,-12.685828399999901],[-50.2798493,-12.688317499999901],[-50.281485,-12.6889535],[-50.2832215,-12.688384],[-50.2840638,-12.686931699999899],[-50.283194,-12.6842688999999],[-50.283568499999902,-12.682796199999901],[-50.2885026,-12.681967299999901],[-50.2898645,-12.6829088],[-50.2901828,-12.687617999999899],[-50.292051899999898,-12.6884651],[-50.2947857999999,-12.686730699999901],[-50.2954764999999,-12.6836701999999],[-50.2923506,-12.6791258],[-50.2920847,-12.6765986999999],[-50.2947566,-12.676069799999899],[-50.2990728,-12.6801771],[-50.2961306999999,-12.6942146],[-50.293261599999902,-12.6954893999999],[-50.2962424,-12.7032105],[-50.2947384,-12.7042398999999],[-50.2956922,-12.7048167999999],[-50.297585599999898,-12.7039414],[-50.299163399999898,-12.704404899999901],[-50.299219,-12.7054577],[-50.2979667,-12.7071387],[-50.2953727,-12.707572],[-50.2964997999999,-12.7088573999999],[-50.2957931,-12.7106545999999],[-50.293801099999897,-12.7118934],[-50.289747,-12.711538099999901],[-50.2889779,-12.714713199999901],[-50.2880226999999,-12.7146723],[-50.2873825,-12.713541399999899],[-50.286932299999897,-12.714190899999901],[-50.2855293,-12.7139574],[-50.2868698,-12.715645299999901],[-50.2832766,-12.7177793],[-50.286914599999903,-12.720526],[-50.2851272,-12.7252677999999],[-50.2873604,-12.7272432],[-50.285956999999897,-12.728313199999899],[-50.288245,-12.7328363],[-50.2882198,-12.7348842],[-50.2912391,-12.735887499999899],[-50.295888499999897,-12.7396896],[-50.298013899999901,-12.7396186],[-50.296469199999898,-12.7412031],[-50.2964077,-12.7422938999999],[-50.3025784,-12.7460042],[-50.3024725,-12.7473452999999],[-50.300662499999902,-12.747836499999901],[-50.2975716,-12.7507467999999],[-50.296845399999903,-12.7524865999999],[-50.2943655,-12.753781499999899],[-50.297459499999903,-12.7560482],[-50.2989026,-12.7559754],[-50.3030452,-12.7598717],[-50.3018663,-12.7631415],[-50.3035824,-12.7630885999999],[-50.3045928,-12.7643927],[-50.305782099999902,-12.764472399999899],[-50.3061825,-12.7677846],[-50.3029617,-12.7690201999999],[-50.305000999999898,-12.7720113],[-50.3045652,-12.7744982999999],[-50.305849599999902,-12.7754586999999],[-50.3025014,-12.7804260999999],[-50.3049692,-12.783648],[-50.303403499999902,-12.7856727],[-50.3052946,-12.785888199999899],[-50.310778399999897,-12.791606199999899],[-50.3089581999999,-12.794013],[-50.3106107999999,-12.7958738],[-50.3109562,-12.797941799999901],[-50.310048,-12.8020162],[-50.305712899999897,-12.8040526999999],[-50.3054471,-12.8085305999999],[-50.3043936,-12.8086618],[-50.3050449,-12.812969899999899],[-50.3045165,-12.8136193],[-50.306153,-12.814025],[-50.3075478,-12.8177421999999],[-50.3047098,-12.8213711999999],[-50.3028252,-12.8187442],[-50.300070199999901,-12.8205168],[-50.3016851,-12.8219374],[-50.3017579,-12.8238516],[-50.3002764,-12.8235414],[-50.2984005,-12.8248379],[-50.298531399999902,-12.826867],[-50.297296399999901,-12.829103],[-50.2966387,-12.8271298999999],[-50.2948221,-12.8281011],[-50.2960416,-12.8314538],[-50.294319099999903,-12.8336310999999],[-50.2929137,-12.8339908999999],[-50.292842699999902,-12.8384694],[-50.291594,-12.8386191],[-50.290937299999896,-12.8363014999999],[-50.2897695,-12.8354179],[-50.2861971,-12.83648],[-50.2845844,-12.8411647999999],[-50.2853605,-12.8426406],[-50.284149699999901,-12.843135],[-50.2824423,-12.839934],[-50.2820303,-12.8407941999999],[-50.2786942,-12.8410147],[-50.2774012,-12.8430208],[-50.2746887,-12.8434344],[-50.2730708,-12.8430853999999],[-50.273015799999897,-12.8418412],[-50.2709321,-12.8406679],[-50.2698377,-12.8414304],[-50.268025099999903,-12.8409278],[-50.2650973,-12.8416278],[-50.263162399999899,-12.842943],[-50.2645605,-12.8451287],[-50.2637152,-12.8473657],[-50.2597026,-12.8454596],[-50.2589366999999,-12.8472373999999],[-50.255772799999903,-12.8485873],[-50.254292,-12.8480471999999],[-50.2533918,-12.8490399],[-50.249893299999897,-12.849184],[-50.250980899999902,-12.8518743],[-50.2504494,-12.85349],[-50.2445119,-12.8529485999999],[-50.2417237,-12.8517502999999],[-50.2395863,-12.855081499999899],[-50.2363554,-12.8571714999999],[-50.2341693,-12.856423399999899],[-50.2335345,-12.857499399999901],[-50.2321024,-12.8569641],[-50.2297655,-12.858091199999899],[-50.227856599999903,-12.8604038],[-50.225444,-12.8599517],[-50.2244967,-12.87304],[-50.22263,-12.8734651],[-50.221452,-12.8756647],[-50.2157303,-12.8752504999999],[-50.2132223999999,-12.8779463],[-50.2117736,-12.877284099999899],[-50.2127182,-12.8754208],[-50.2104002,-12.8758804],[-50.2094117,-12.8800641],[-50.207843099999899,-12.8787196],[-50.2064402,-12.8789785],[-50.206894,-12.8819943],[-50.2056522,-12.88528],[-50.203282699999903,-12.8865767],[-50.201848299999902,-12.8852206],[-50.201271399999897,-12.886415],[-50.199967899999898,-12.8860761],[-50.200281,-12.8873091],[-50.1987928,-12.8875078999999],[-50.1987523,-12.8887518],[-50.1980722,-12.8878885],[-50.1978372,-12.8889404],[-50.195703299999899,-12.8889697999999],[-50.1950216,-12.8924605],[-50.1936577,-12.89193],[-50.193359299999898,-12.8899074999999],[-50.1908829,-12.8903066],[-50.1892329,-12.8915216],[-50.190179199999903,-12.8929957999999],[-50.189168499999901,-12.892598],[-50.1862255,-12.8939644],[-50.185178,-12.8936381999999],[-50.1838006,-12.8973566999999],[-50.1825014,-12.8955796],[-50.1827196,-12.8922071],[-50.1787484,-12.8910703],[-50.1783541,-12.892337],[-50.1754286,-12.8920884999999],[-50.17356,-12.8967405],[-50.173015,-12.8963368999999],[-50.172739299999897,-12.8971207],[-50.1712775,-12.896695],[-50.17134,-12.8955086],[-50.169838399999897,-12.8953124999999],[-50.1686917,-12.8940074],[-50.161711399999902,-12.8928367999999],[-50.157867199999899,-12.8931307],[-50.1551846,-12.896069399999901],[-50.1517497,-12.8964602],[-50.150097699999897,-12.9003974],[-50.1470251,-12.9032391],[-50.1453111,-12.9023913999999],[-50.1419916,-12.903241799999901],[-50.141370299999899,-12.9023784999999],[-50.1393568,-12.9035393],[-50.137836,-12.9032663999999],[-50.1374699,-12.9019446],[-50.1382548999999,-12.9005691999999],[-50.1374403,-12.9004507],[-50.134638499999902,-12.9026625],[-50.1345944,-12.9041361],[-50.129653399999903,-12.9056125],[-50.1285081,-12.9039435999999],[-50.126421799999903,-12.9036113],[-50.1252891,-12.9039328],[-50.1245155,-12.9061642],[-50.1235199,-12.9066108],[-50.1160138,-12.906542499999899],[-50.113959899999898,-12.9080857],[-50.1134254,-12.9102801],[-50.1115047,-12.9113644],[-50.109529199999898,-12.9113864],[-50.108540499999897,-12.9096031999999],[-50.106739699999899,-12.909898499999899],[-50.1040275,-12.9072624],[-50.095287799999902,-12.908438],[-50.092846199999897,-12.907884099999899],[-50.0917061,-12.9085248],[-50.0897138,-12.9081747],[-50.088155399999899,-12.9061740999999],[-50.085375499999898,-12.906121299999899],[-50.0828819,-12.907806299999899],[-50.0798912,-12.9053843999999],[-50.0780612,-12.9056505999999],[-50.0775555,-12.9078881],[-50.075412899999897,-12.9096029],[-50.075034699999897,-12.9129746999999],[-50.0721521,-12.9169547999999],[-50.0644263,-12.920802799999899],[-50.0627315,-12.9201077],[-50.0584123,-12.9207812],[-50.0558533,-12.9202356],[-50.0512482,-12.9229748999999],[-50.0491152,-12.9220915],[-50.0483012,-12.924514299999901],[-50.046260199999899,-12.9263584999999],[-50.0471105,-12.9298064999999],[-50.0463664,-12.9312351999999],[-50.044572899999899,-12.933381699999901],[-50.0396484,-12.9353874999999],[-50.0374525,-12.9356091],[-50.030519,-12.9310907],[-50.0273857,-12.9315384],[-50.0232856,-12.9284944999999],[-50.0205573,-12.930149299999901],[-50.016888499999901,-12.929102],[-50.0143924,-12.93126],[-50.0093375,-12.9310255],[-50.007927,-12.9324698999999],[-50.006156099999899,-12.9325492999999],[-50.004465799999899,-12.934423099999901],[-50.0019637,-12.9343562],[-49.998798899999898,-12.9375760999999],[-49.9962325,-12.9389777],[-49.9929766,-12.944322199999901],[-49.9908404,-12.944822299999901],[-49.9877079,-12.9429263],[-49.985816499999899,-12.9432179],[-49.9841777,-12.9413575999999],[-49.981815299999901,-12.9420719],[-49.9806725,-12.9411529],[-49.980699399999899,-12.9393540999999],[-49.9790042,-12.9387925],[-49.9778262,-12.940586799999901],[-49.9738665,-12.9420158],[-49.973781099999897,-12.945005799999899],[-49.9707298,-12.9456157],[-49.9685253,-12.947903499999899],[-49.9669162,-12.947753599999899],[-49.965717599999898,-12.9486100999999],[-49.9646528,-12.9524812],[-49.9596184,-12.9548773],[-49.9563974,-12.955223299999901],[-49.9499656,-12.9592881],[-49.9409304,-12.955998099999899],[-49.934390199999903,-12.957366299999901],[-49.9330662,-12.956691099999899],[-49.9273239,-12.9608767],[-49.9222121,-12.9607407999999],[-49.9203946,-12.961384],[-49.909284,-12.9676721],[-49.908395799999901,-12.969984],[-49.909233099999902,-12.9748676],[-49.3683159,-13.2723013999999],[-49.355301499999896,-13.2609816],[-49.3407453,-13.254623299999899],[-49.3393866,-13.253370899999901],[-49.339243699999898,-13.2513992],[-49.338407699999898,-13.2508389],[-49.3372447,-13.2472816],[-49.3385926999999,-13.241474],[-49.338624,-13.2397331],[-49.3377336,-13.238560199999901],[-49.340266,-13.2366443],[-49.3392335,-13.2333659],[-49.3407266,-13.2320745],[-49.3403876,-13.2302164],[-49.345280699999897,-13.2257519],[-49.3453719,-13.223801],[-49.3487365,-13.217183599999901],[-49.3474633,-13.2148410999999],[-49.3492206,-13.2119825],[-49.3489569,-13.2105458999999],[-49.3453641,-13.207576199999901],[-49.3440841,-13.203377799999901],[-49.344937899999898,-13.2012786999999],[-49.344184799999901,-13.197122],[-49.346042399999902,-13.1938431],[-49.3477298,-13.192648599999901],[-49.3485903,-13.1895355],[-49.348442599999899,-13.1853634999999],[-49.345841499999899,-13.1801616999999],[-49.3453809,-13.1760643],[-49.3473202,-13.1722119],[-49.3468396,-13.1710990999999],[-49.347689499999902,-13.1695548],[-49.3470578,-13.1676757],[-49.349481,-13.1644386999999],[-49.3502027,-13.1616308],[-49.3530787,-13.16075],[-49.3531169,-13.1579568],[-49.3557086,-13.1557731],[-49.3550844,-13.1527652],[-49.3556429,-13.1509894],[-49.353630699999897,-13.1482596],[-49.353566199999896,-13.1432846],[-49.346176699999901,-13.1360048999999],[-49.3410799,-13.1274961],[-49.341750299999902,-13.124274],[-49.3456854,-13.1196691],[-49.3450715,-13.118058],[-49.3460393,-13.116380499999901],[-49.348227199999897,-13.1161458],[-49.3483717,-13.114960499999899],[-49.349582499999897,-13.1148916999999],[-49.350333799999902,-13.1134615999999],[-49.354303699999903,-13.1123772],[-49.3551566,-13.107408],[-49.353312699999897,-13.1058274],[-49.3536361,-13.1041648],[-49.352642199999899,-13.103909799999901],[-49.3520263999999,-13.1025855999999],[-49.352972099999903,-13.0983441],[-49.352099699999897,-13.0974393],[-49.3526917,-13.0964673],[-49.351783699999899,-13.0950647],[-49.3520922,-13.092694199999899],[-49.3512585,-13.091847],[-49.3512881,-13.0903357],[-49.3503899,-13.0903873],[-49.350967,-13.088726399999899],[-49.3480445,-13.0879232999999],[-49.3460056,-13.0863413],[-49.346075,-13.084715399999901],[-49.344672499999902,-13.0843047],[-49.3438341,-13.081238],[-49.3417833,-13.0785271],[-49.340924399999899,-13.0756324],[-49.341344499999899,-13.0741045],[-49.3386857,-13.0718487999999],[-49.336833,-13.0687182],[-49.338579599999903,-13.067275299999899],[-49.3372722,-13.064339599999901],[-49.333441999999899,-13.0621528999999],[-49.3323167,-13.0582616],[-49.3308564,-13.0577547],[-49.3279946,-13.053794799999899],[-49.325358799999897,-13.0539691],[-49.3244659,-13.0532554],[-49.3159145,-13.042255899999899],[-49.313560499999902,-13.0411882],[-49.314006499999898,-13.038723],[-49.3115442,-13.036353599999901],[-49.312840299999898,-13.0351567],[-49.3069216,-13.0331474],[-49.3063323,-13.0308476],[-49.3035116,-13.0295664],[-49.3030886,-13.0286452],[-49.303782199999901,-13.0270808999999],[-49.302326799999904,-13.0258851],[-49.30143,-13.0229136],[-49.3000914,-13.0217569],[-49.2973762,-13.010756899999899],[-49.292554799999898,-13.0081805],[-49.2911539,-13.0047657],[-49.2890796,-13.0028005],[-49.290182699999903,-13.0012771],[-49.2884228,-12.997325],[-49.285969599999902,-12.9944389],[-49.285588399999902,-12.9924131],[-49.2836559,-12.9904344999999],[-49.2790904,-12.9883091999999],[-49.279182499999898,-12.9855691],[-49.2778407,-12.9849288],[-49.277783199999902,-12.9826469],[-49.2757252,-12.979242],[-49.2795045,-12.977219799999901],[-49.2801949,-12.976114699999901],[-49.279652199999902,-12.9727629],[-49.2806499,-12.9695169],[-49.2797504,-12.9669855],[-49.277698299999898,-12.9646951],[-49.2749696,-12.9586694],[-49.2716239,-12.954438],[-49.2715218,-12.952275299999901],[-49.267538499999901,-12.9443663],[-49.2650055,-12.9439475999999],[-49.2630627,-12.939993399999899],[-49.2601875,-12.941122199999899],[-49.2569753,-12.940201499999899],[-49.257006299999901,-12.9357438],[-49.2577934,-12.934754199999899],[-49.2554726,-12.9318878999999],[-49.2518324,-12.9309317999999],[-49.2512305,-12.9277569],[-49.249291899999903,-12.926539799999899],[-49.250660799999899,-12.924953899999901],[-49.251441999999898,-12.9220480999999],[-49.250185799999898,-12.919672],[-49.247658699999903,-12.9180789],[-49.248272299999897,-12.916801099999899],[-49.246693799999903,-12.9165992],[-49.248436899999902,-12.9128459],[-49.2461723,-12.9074886],[-49.2488814,-12.9060401999999],[-49.2495145,-12.9036654],[-49.2486375,-12.9035638999999],[-49.2496651,-12.9016384],[-49.2485037,-12.9003678999999],[-49.2479266,-12.902311699999901],[-49.246619699999897,-12.902058],[-49.2452167,-12.899083099999901],[-49.2440215,-12.8998786],[-49.2427248,-12.898435],[-49.243071799999903,-12.8969063],[-49.2417986,-12.897013],[-49.2410141,-12.8952902],[-49.2418534,-12.8943188],[-49.2406331,-12.893561299999901],[-49.237000099999896,-12.8943595],[-49.234957,-12.8936952],[-49.235582399999899,-12.8907148],[-49.2338225,-12.8885776],[-49.2353929,-12.886600799999901],[-49.2374837999999,-12.886537599999899],[-49.237655199999899,-12.8837861],[-49.2302945,-12.884553599999901],[-49.2310886,-12.88255],[-49.228622899999898,-12.8809836999999],[-49.229521,-12.878062499999899],[-49.2288634,-12.8772926999999],[-49.2261652,-12.878288499999901],[-49.2236402,-12.876855599999899],[-49.221631499999901,-12.8768610999999],[-49.2182452,-12.878655599999901],[-49.2106838999999,-12.8779345],[-49.208505699999897,-12.8724819],[-49.2038358,-12.8710533],[-49.196228699999899,-12.865873599999899],[-49.1965822,-12.8627958],[-49.194552799999897,-12.8629923],[-49.1949719,-12.8616559],[-49.1923811,-12.8585578],[-49.193324899999901,-12.8574738],[-49.192083,-12.856623399999901],[-49.1925251,-12.854789799999899],[-49.1915336,-12.8543812],[-49.1903776,-12.855157599999901],[-49.188888,-12.850785299999901],[-49.186379499999902,-12.8498304999999],[-49.1859477,-12.847512499999899],[-49.1818137,-12.847560499999901],[-49.1795587,-12.8466265],[-49.177085599999899,-12.8434717],[-49.1748646,-12.843226699999899],[-49.1720913999999,-12.8411603],[-49.1714708,-12.8379992],[-49.1691494,-12.8381744],[-49.169044799999902,-12.8364518],[-49.1670731,-12.8368015],[-49.163941099999903,-12.8358231],[-49.156881199999901,-12.8280636],[-49.154937899999901,-12.827189],[-49.152031,-12.8194394],[-49.1490676,-12.8194377],[-49.1471101,-12.8178551],[-49.1441475,-12.8177577],[-49.143008699999903,-12.8135407],[-49.1413421,-12.8121705999999],[-49.1402816,-12.8079159],[-49.1390685,-12.8058602999999],[-49.1378038,-12.8055261],[-49.138424799999903,-12.803253799999901],[-49.1371233,-12.802632399999901],[-49.137934,-12.8010694],[-49.1301953,-12.7983553],[-49.1288676,-12.7959926999999],[-49.1274111,-12.7952553],[-49.126789,-12.7923812],[-49.1238265,-12.7924050999999],[-49.121855099999898,-12.790114399999901],[-49.118876999999898,-12.7895192],[-49.1176838,-12.7900847],[-49.1046307,-12.8354203],[-49.0974383,-12.835177],[-49.0941536999999,-12.8363967],[-49.0921832,-12.8391564],[-49.0887394,-12.8407958],[-49.087864099999898,-12.8431042],[-49.0800778999999,-12.8465866],[-49.0781931,-12.8457311],[-49.073723099999903,-12.845803799999899],[-49.0717655999999,-12.8469302],[-49.0709363,-12.8457440999999],[-49.0678899,-12.8463722],[-49.0672018,-12.8451967],[-49.0642475,-12.8460871],[-49.0649773,-12.847026399999899],[-49.069140699999899,-12.8476701],[-49.0687329,-12.8486584],[-49.069556299999903,-12.848223899999899],[-49.069734599999897,-12.8491639],[-49.0717117,-12.849757899999901],[-49.072124899999899,-12.8512648],[-49.0712536,-12.8515889],[-49.0734381,-12.8550771],[-49.072999599999903,-12.8556151],[-49.0720415,-12.855157899999901],[-49.0725992,-12.8562731],[-49.070122399999903,-12.8584531999999],[-49.0717652,-12.858742999999899],[-49.0698915,-12.8599265999999],[-49.0711616,-12.861712699999901],[-49.0722319,-12.8615434],[-49.0735703,-12.862697899999899],[-49.0725224,-12.865046499999901],[-49.073625299999897,-12.8650881],[-49.072719499999899,-12.8667242],[-49.073243499999897,-12.869707],[-49.0752689,-12.8697602],[-49.0771412,-12.8738832],[-49.0778146,-12.8730217],[-49.079216099999897,-12.8729797999999],[-49.0798816,-12.873675299999899],[-49.0793978,-12.8747253999999],[-49.0817556,-12.8747986999999],[-49.0835021,-12.876052],[-49.082231599999901,-12.8764444999999],[-49.0822631,-12.8774395],[-49.0850444,-12.878378199999901],[-49.084665399999899,-12.882067699999901],[-49.0814629,-12.8826564],[-49.080497799999897,-12.883912],[-49.0813277,-12.8850467999999],[-49.0874736,-12.887177],[-49.0869699,-12.8880151],[-49.087723599999897,-12.888919799999901],[-49.086936099999903,-12.889908799999899],[-49.087847699999898,-12.8905468],[-49.087449799999902,-12.8915961],[-49.082821399999901,-12.8924805],[-49.0845641,-12.8941002999999],[-49.0837268,-12.8939410999999],[-49.0827816,-12.8951393999999],[-49.0828122,-12.893685699999899],[-49.0821668,-12.8939296999999],[-49.079059899999898,-12.897312199999901],[-49.0788196,-12.898133],[-49.080252099999903,-12.899521],[-49.079893899999902,-12.9004558],[-49.079,-12.900047399999901],[-49.0796902,-12.9016020999999],[-49.078295,-12.9029884],[-49.0792038,-12.904009],[-49.075489499999897,-12.9052517],[-49.073088,-12.903072199999899],[-49.069811899999898,-12.9055923999999],[-49.0677307999999,-12.9048692],[-49.0652906,-12.9051954999999],[-49.0645805999999,-12.9062233],[-49.0622218,-12.906110199999899],[-49.060765699999898,-12.907802],[-49.0582838,-12.9084723],[-49.0551806,-12.9087744],[-49.0529693,-12.9072467],[-49.050165,-12.9092535999999],[-49.050829399999898,-12.9115924999999],[-49.0487089,-12.9134323],[-49.0461774,-12.9129543],[-49.046109499999901,-12.9116529],[-49.040384399999901,-12.908070899999901],[-49.040902399999901,-12.9066591],[-49.038719,-12.9040601],[-49.0379024,-12.9037478999999],[-49.0375829,-12.904702],[-49.036175199999903,-12.905169699999901],[-49.0330387,-12.9022575],[-49.0292683,-12.9056151],[-49.0279886,-12.9046681],[-49.0262724,-12.9046743],[-49.0236705,-12.905725899999901],[-49.0233294,-12.9069476999999],[-49.0217742,-12.9063237],[-49.0211193,-12.9077727],[-49.022274599999903,-12.9096562],[-49.0209718999999,-12.9116359],[-49.0131054,-12.912570899999899],[-49.0091156,-12.9164814],[-49.007353099999897,-12.9223216999999],[-49.0077544,-12.9233578],[-49.005973,-12.924205099999901],[-49.005168399999903,-12.9297465999999],[-49.0039323,-12.9306746],[-49.0042515,-12.9322265],[-49.0029909,-12.9337856],[-48.99907,-12.9339084],[-48.9981647,-12.9349344],[-48.9954286,-12.9356404],[-48.992958,-12.9372857],[-48.9911183,-12.940523599999899],[-48.9884511,-12.9423586],[-48.986772099999897,-12.9425752],[-48.9847822999999,-12.9450467],[-48.979384799999899,-12.946841399999901],[-48.978091699999901,-12.9499878],[-48.9750993,-12.953427],[-48.9762335,-12.9578931],[-48.870312199999901,-12.8032618],[-48.8694958,-12.8049669],[-48.8688763,-12.8032941],[-48.8677225,-12.8043278],[-48.8682257,-12.8053332],[-48.865351,-12.8063799],[-48.863916199999899,-12.8042581],[-48.862599,-12.8040710999999],[-48.8634951,-12.8078161999999],[-48.8621671,-12.8092735999999],[-48.861649499999899,-12.8076720999999],[-48.860992199999899,-12.8087667],[-48.8589353,-12.8088217],[-48.8579796,-12.8054377],[-48.8568728,-12.8043575],[-48.8539167,-12.805309],[-48.8537525,-12.8062831999999],[-48.852232699999902,-12.806213399999899],[-48.8521469,-12.8071356999999],[-48.8504842,-12.8072607999999],[-48.850576299999901,-12.8090453],[-48.846358199999898,-12.8094029],[-48.8467876,-12.8110563],[-48.8456262999999,-12.8118023],[-48.8456803999999,-12.8134717],[-48.846818599999899,-12.8137154],[-48.8459713,-12.8147892],[-48.8469921,-12.8150845],[-48.846384999999898,-12.8159929],[-48.8476292,-12.816954699999901],[-48.847453099999903,-12.8181774999999],[-48.8459448999999,-12.817323499999899],[-48.8461971,-12.8186072],[-48.844741999999897,-12.8195181999999],[-48.8455961,-12.8199412],[-48.8456365,-12.8243555],[-48.843317199999902,-12.8271721999999],[-48.8438695,-12.8281284],[-48.8422755,-12.828484699999899],[-48.8426162,-12.8299425],[-48.841928799999899,-12.8311252],[-48.8423875,-12.833902599999901],[-48.843312,-12.834359699999901],[-48.842952599999897,-12.8373647],[-48.8452918999999,-12.8393613],[-48.8426383,-12.8410706],[-48.8428259,-12.8425068],[-48.8408279,-12.8419117],[-48.839332399999897,-12.8435445],[-48.8379745,-12.8427538],[-48.8365492,-12.8435885],[-48.836076499999898,-12.842441699999901],[-48.8343846,-12.8436758999999],[-48.833923599999899,-12.842868699999901],[-48.831558399999899,-12.8436191],[-48.8310433,-12.8428830999999],[-48.8320381,-12.842236199999901],[-48.8310251,-12.8415871],[-48.8287208,-12.842051],[-48.8291854,-12.843001699999901],[-48.8285925,-12.843948399999899],[-48.8251465,-12.8445558999999],[-48.8248181,-12.8453398],[-48.8235245,-12.8450159],[-48.823154799999898,-12.8438077],[-48.822293,-12.8442812],[-48.820048799999903,-12.8434232999999],[-48.820463199999899,-12.8448134999999],[-48.818806299999899,-12.845371199999899],[-48.819631399999899,-12.8488738],[-48.8185382,-12.8487641999999],[-48.8168373,-12.850459699999901],[-48.818315299999902,-12.8505915],[-48.8185483,-12.8512605],[-48.817371,-12.851301],[-48.817219,-12.8528155999999],[-48.8131853,-12.8548718],[-48.8126152,-12.856540699999901],[-48.8113129,-12.8569434999999],[-48.8108354,-12.8591774999999],[-48.811427299999899,-12.8611741],[-48.815289499999899,-12.8614956],[-48.8152736,-12.8622056],[-48.8138709,-12.8623709],[-48.8142824,-12.8635363],[-48.8128103,-12.8635575],[-48.8110432,-12.8652762999999],[-48.8081117,-12.8658232],[-48.8083265,-12.866903299999899],[-48.805021199999899,-12.8653095999999],[-48.804582099999898,-12.8662072999999],[-48.8056591,-12.866500899999901],[-48.805945,-12.8692098],[-48.8029428,-12.8703108999999],[-48.8026930999999,-12.871286699999899],[-48.8017977,-12.8708463999999],[-48.800693399999901,-12.8719968],[-48.7993011,-12.8718105],[-48.8000165,-12.8733324],[-48.799049399999902,-12.8738455],[-48.7993577,-12.8753943],[-48.7970946,-12.8749718],[-48.7975795,-12.875787699999901],[-48.7969987,-12.8767093],[-48.795319499999898,-12.875060699999899],[-48.7937911,-12.8756574999999],[-48.793501999999897,-12.8766689],[-48.791788499999903,-12.8775343],[-48.7922215,-12.878460899999901],[-48.791532399999902,-12.8800666],[-48.789819,-12.8814652],[-48.790826,-12.8830852],[-48.7884481,-12.8824435],[-48.7866471,-12.8841115],[-48.785825799999898,-12.881895299999901],[-48.7873743,-12.8803973],[-48.7870591,-12.8793831999999],[-48.786549799999896,-12.8804835999999],[-48.7850859,-12.8792829],[-48.7844314,-12.8830455],[-48.782513799999897,-12.8827231999999],[-48.7819327999999,-12.8836651],[-48.7811081,-12.882938399999899],[-48.7803431,-12.8851291999999],[-48.778597499999897,-12.8849231999999],[-48.7779323,-12.8879492],[-48.7755824,-12.8869071],[-48.7736690999999,-12.8884401999999],[-48.772111299999899,-12.8924383],[-48.7700169,-12.8930867],[-48.7706524,-12.8948134999999],[-48.769885299999899,-12.8948698],[-48.7691095,-12.8979851999999],[-48.7685266,-12.897260099999899],[-48.7670648,-12.8980251999999],[-48.7671606,-12.8967617],[-48.7643801,-12.898203],[-48.764466899999903,-12.8987207],[-48.765506899999899,-12.8982425],[-48.765496,-12.8996071],[-48.763702599999903,-12.8998414],[-48.7632024,-12.9013879],[-48.761993899999901,-12.9022211],[-48.7616882,-12.901512599999901],[-48.760991499999903,-12.9024611],[-48.761644499999903,-12.905115899999901],[-48.7596277,-12.9055681999999],[-48.7592385,-12.904936],[-48.759448899999903,-12.9062216999999],[-48.7569359,-12.907333499999901],[-48.7561047,-12.9067908],[-48.7541218,-12.9072184],[-48.755052,-12.909505],[-48.7531377,-12.9109756999999],[-48.753315,-12.9118642],[-48.7523509,-12.9117459],[-48.752951499999902,-12.9129991999999],[-48.7508979,-12.9128787],[-48.750750099999898,-12.913597099999899],[-48.749605599999903,-12.9136597999999],[-48.748013899999897,-12.9166617],[-48.746221299999902,-12.9181477999999],[-48.7446972,-12.917957699999899],[-48.7450507,-12.9171335],[-48.7437197,-12.916619899999899],[-48.742132899999902,-12.917442999999899],[-48.741466199999898,-12.9167725999999],[-48.7401675,-12.9186167],[-48.738545299999899,-12.9185022],[-48.7390541,-12.919926799999899],[-48.7378651,-12.9198782],[-48.736510199999898,-12.9214636],[-48.735134199999898,-12.9210739],[-48.736466199999903,-12.9252647],[-48.733706,-12.928076299999899],[-48.7338219,-12.9298567],[-48.734611599999901,-12.9292892],[-48.7349113,-12.9301095],[-48.734819899999898,-12.9310555],[-48.7339618,-12.9310624],[-48.734407299999901,-12.933022],[-48.7333252,-12.9356951],[-48.734431,-12.9363359],[-48.7344037,-12.9371963999999],[-48.7357145,-12.9369962],[-48.734447799999899,-12.937973699999899],[-48.7346383,-12.9394255999999],[-48.7362649,-12.9388306],[-48.735958799999899,-12.9396343],[-48.7370172,-12.9404582],[-48.736716499999901,-12.9421093999999],[-48.738264899999898,-12.9427266],[-48.737611899999898,-12.9434979],[-48.738703299999898,-12.944792499999901],[-48.738334699999903,-12.9457995],[-48.736994599999903,-12.945734],[-48.736307699999898,-12.9508516],[-48.735402099999902,-12.9506633],[-48.7348578,-12.951549199999899],[-48.7356894,-12.951921],[-48.7357875,-12.9542104],[-48.734248299999898,-12.9535814],[-48.733163499999897,-12.9542562999999],[-48.7339889,-12.9546341],[-48.7334314,-12.9563118],[-48.732117,-12.9571043],[-48.7329010999999,-12.957667],[-48.732473,-12.9588378],[-48.7301803,-12.9603150999999],[-48.7299752,-12.9617656999999],[-48.731749299999898,-12.9657351],[-48.7330757,-12.965648],[-48.7330661,-12.9668594],[-48.7317639,-12.9664764],[-48.7324606,-12.9674537999999],[-48.731479799999903,-12.9679025],[-48.732567199999899,-12.9696304],[-48.734126699999898,-12.9697186999999],[-48.733536199999897,-12.9711642999999],[-48.732257499999903,-12.971291899999899],[-48.7342057,-12.9737779],[-48.732368699999903,-12.9747212],[-48.732764099999898,-12.9771663],[-48.732145199999898,-12.9778631999999],[-48.733023199999899,-12.9780534999999],[-48.7330029,-12.9793979],[-48.733880199999902,-12.9794383999999],[-48.7319141,-12.9815012999999],[-48.731762499999903,-12.9834306],[-48.732558299999901,-12.9837304],[-48.729983499999904,-12.9867055],[-48.730657,-12.9880562],[-48.729789599999897,-12.9893834],[-48.728449899999902,-12.9881326],[-48.7260914,-12.9904341],[-48.724693499999901,-12.990669899999901],[-48.7241529,-12.992141499999899],[-48.7251143,-12.993324399999899],[-48.724184799999897,-12.9939856999999],[-48.7235203,-12.993331399999899],[-48.7239063,-12.994501],[-48.7218227,-12.9956804],[-48.7212474,-12.997612],[-48.7183329,-12.9987161],[-48.7187249,-12.9998462],[-48.7176178,-12.9999261],[-48.7172164,-13.0016221],[-48.7157524,-13.0022834],[-48.714917699999901,-13.0003492],[-48.7122914999999,-12.999156],[-48.7096855,-13.002276299999901],[-48.7076375,-13.0026048999999],[-48.7071367,-13.003697299999899],[-48.707822,-13.0040769],[-48.707163599999902,-13.0044267],[-48.7054545,-13.0003766],[-48.7045972,-12.99988],[-48.7040787,-13.0007737999999],[-48.7025864,-12.999647099999899],[-48.702401,-12.997532],[-48.6969015,-12.9974498],[-48.695033099999897,-12.995028],[-48.6945908,-12.9960641],[-48.6921601,-12.9965864],[-48.6929694,-12.99866],[-48.6917513,-12.999272399999899],[-48.691591,-13.0015131],[-48.6878053,-13.0022236],[-48.686035499999903,-13.0018072999999],[-48.6854736,-13.0006099],[-48.6865916,-13.0000075],[-48.68587,-12.9974531],[-48.686304999999898,-12.9958123],[-48.6845822,-12.9933488],[-48.6803247,-12.9950034999999],[-48.679323,-12.9936557],[-48.678748599999899,-12.994418999999899],[-48.676842099999902,-12.9930214999999],[-48.674913699999898,-12.9927556],[-48.6750891,-12.9936403],[-48.6735611,-12.9948745999999],[-48.672831,-12.9944009],[-48.670709299999899,-12.9949938999999],[-48.6697589,-12.9957772],[-48.6701985,-12.9972878999999],[-48.6688659,-12.997974],[-48.6676123,-12.9997668],[-48.6681316,-13.000259],[-48.6672169,-13.0007459],[-48.668480299999899,-13.0013453999999],[-48.6680327,-13.0022845],[-48.6628401,-13.0002762],[-48.6620176,-13.0035220999999],[-48.6606947,-13.0041987],[-48.6588125,-13.0035995],[-48.6581303,-13.0038742999999],[-48.658373099999899,-13.0046354999999],[-48.657574699999898,-13.0039768],[-48.6561613,-13.0052042999999],[-48.656783899999901,-13.0068600999999],[-48.6581414,-13.0066524],[-48.6586043,-13.0074718],[-48.657449799999902,-13.0088208999999],[-48.657951,-13.0094518],[-48.6565605,-13.0097931],[-48.656107899999903,-13.0117733],[-48.653672399999898,-13.0122628999999],[-48.6517595,-13.0111196],[-48.6512241,-13.0117961],[-48.6510206,-13.0106155999999],[-48.647279599999898,-13.010199199999899],[-48.6473048,-13.010888],[-48.6463709,-13.010638],[-48.6455817,-13.0118525],[-48.6446731999999,-13.0109765],[-48.6436376999999,-13.0114237],[-48.6420431,-13.0137473],[-48.6410413,-13.0124352999999],[-48.6385121,-13.0136178],[-48.6383881,-13.014483299999901],[-48.6396437,-13.0144857],[-48.6399173,-13.0155252],[-48.638791399999903,-13.0172691],[-48.6376751,-13.0170317999999],[-48.6383671,-13.0189506999999],[-48.635711,-13.0207106],[-48.6364763,-13.0226122],[-48.6374997,-13.0223586],[-48.637386999999897,-13.024282],[-48.6385314999999,-13.025509],[-48.6360458,-13.0265191],[-48.6370871,-13.0274985999999],[-48.637178499999898,-13.0336065],[-48.636069,-13.0339321],[-48.6355225,-13.035624599999901],[-48.6361878,-13.0361775],[-48.6337477,-13.0379662],[-48.634619799999903,-13.0392143],[-48.6331845,-13.0386887999999],[-48.6311259,-13.0392656],[-48.630118099999898,-13.0427539],[-48.6319444,-13.0435333],[-48.6294612,-13.0456657],[-48.6290071,-13.0467517],[-48.6300123,-13.0469438],[-48.6299417,-13.0478360999999],[-48.6292594,-13.0484215999999],[-48.628449799999899,-13.047783],[-48.62811,-13.0506348],[-48.6270522,-13.0519085],[-48.626283199999897,-13.0511306],[-48.625284399999899,-13.0513432999999],[-48.6229461,-13.0531220999999],[-48.623032899999899,-13.0522048999999],[-48.6201196,-13.0515870999999],[-48.615553299999902,-13.0550718],[-48.615764899999903,-13.0574166],[-48.6122587999999,-13.058885599999901],[-48.610072699999897,-13.057995199999899],[-48.609190899999902,-13.058570799999901],[-48.6102458,-13.0592685999999],[-48.6093165,-13.0595468999999],[-48.607048,-13.0580914999999],[-48.6046936,-13.0584713],[-48.602205399999903,-13.057559],[-48.6005347,-13.0588534999999],[-48.6013586,-13.0604008],[-48.6002693,-13.0610244],[-48.6013253,-13.0622786],[-48.6003858,-13.062216099999899],[-48.6004784,-13.063238899999901],[-48.5994823,-13.0637972],[-48.6008285,-13.0668123],[-48.599936699999901,-13.0672438999999],[-48.599204299999897,-13.069340899999901],[-48.600470899999898,-13.0705002],[-48.6005529,-13.0741252],[-48.6013301999999,-13.074448],[-48.601719699999897,-13.0755321],[-48.6010992,-13.0761479],[-48.602229599999902,-13.077267699999901],[-48.6002635,-13.0786431],[-48.5972666,-13.0764756],[-48.5954462,-13.0776635999999],[-48.5948877,-13.078930199999901],[-48.597241499999903,-13.0796407],[-48.5969891,-13.0805180999999],[-48.598016899999898,-13.0811588],[-48.597148499999903,-13.0831970999999],[-48.5949873,-13.0837506999999],[-48.595398499999902,-13.084596],[-48.594468499999898,-13.085407799999899],[-48.5955395,-13.086242599999901],[-48.5951693,-13.0871088],[-48.5963212999999,-13.0870143999999],[-48.5962948,-13.088259299999899],[-48.594678799999897,-13.088380399999901],[-48.5937721,-13.090087299999899],[-48.5922227,-13.0891756],[-48.5907177,-13.0914564999999],[-48.5915871999999,-13.0943334],[-48.5909313,-13.094575899999899],[-48.5907579,-13.0963528999999],[-48.5895409,-13.0961023999999],[-48.5880241,-13.0975895999999],[-48.590070599999898,-13.0998081],[-48.593883199999901,-13.1000063],[-48.5933601,-13.101627],[-48.5941991,-13.1026294],[-48.5939499,-13.1041857],[-48.5956739,-13.1064777],[-48.593878399999902,-13.1065182999999],[-48.5923473,-13.104801199999899],[-48.592101699999901,-13.105599799999901],[-48.590871499999899,-13.1054447999999],[-48.590573,-13.103541499999899],[-48.589394599999899,-13.103110399999901],[-48.5862134,-13.1051939],[-48.5839357999999,-13.1046562],[-48.583230399999898,-13.105959599999901],[-48.5841771,-13.107919299999899],[-48.5823533,-13.108868],[-48.583245599999898,-13.1104063],[-48.581745199999901,-13.1111955],[-48.5801168,-13.1140966999999],[-48.5819582,-13.1163516999999],[-48.5812155,-13.116478599999899],[-48.580929899999902,-13.117747699999899],[-48.579690099999901,-13.1178221],[-48.5790545,-13.116974599999899],[-48.578367,-13.117436699999899],[-48.5789037,-13.1214102],[-48.577336,-13.122093499999901],[-48.5759193,-13.1241598],[-48.5775446,-13.1270428999999],[-48.581159,-13.1271077],[-48.581823,-13.1308165],[-48.581094,-13.1315364],[-48.5815717,-13.132573599999899],[-48.580650499999898,-13.1329856999999],[-48.581328,-13.1335467],[-48.5809149,-13.1358761],[-48.5818401,-13.1410294],[-48.586995,-13.1426183999999],[-48.5875062,-13.143846],[-48.588809599999898,-13.1437721],[-48.5883625,-13.147587],[-48.5904963,-13.148819199999901],[-48.590799699999899,-13.1514697],[-48.591742699999898,-13.1504565],[-48.594495499999901,-13.1510896],[-48.596576599999899,-13.1498038],[-48.5973528,-13.152103899999901],[-48.596912599999897,-13.152838],[-48.5954234,-13.1524511],[-48.594615299999901,-13.15427],[-48.591196099999898,-13.1556722999999],[-48.592287199999902,-13.1578608],[-48.588702199999901,-13.1580016999999],[-48.5875374,-13.1593677],[-48.5866718,-13.1580782],[-48.5851489,-13.1581404],[-48.5844451,-13.1602566],[-48.5855122,-13.1634882],[-48.5873688,-13.1646254999999],[-48.5871422,-13.1658474],[-48.585621699999898,-13.1676499],[-48.5812523,-13.1682561],[-48.5812878999999,-13.1695951999999],[-48.579285399999897,-13.1702079],[-48.579155899999897,-13.1722147999999],[-48.5775353,-13.173275299999901],[-48.5780733,-13.174392],[-48.5803423,-13.174377499999901],[-48.5796857,-13.177885499999901],[-48.5827734,-13.1786753],[-48.582640599999898,-13.1802805],[-48.580257199999899,-13.1805065999999],[-48.579013,-13.1819866],[-48.5802153,-13.184771],[-48.579601599999897,-13.1864583999999],[-48.577486099999902,-13.1860338],[-48.5770845,-13.1871775],[-48.578008399999902,-13.188486699999901],[-48.577780399999902,-13.1898424],[-48.5803458,-13.1909568],[-48.579988199999903,-13.1919937],[-48.5783293,-13.1924461999999],[-48.577478299999903,-13.1952471],[-48.5801681,-13.201457199999901],[-48.579039,-13.2064624],[-48.5822304,-13.2074678999999],[-48.5833959,-13.2101863],[-48.5815322999999,-13.216962899999899],[-48.5844342,-13.2270548],[-48.5851875,-13.227372699999901],[-48.586198,-13.2263541999999],[-48.5890403,-13.2301884],[-48.589962,-13.2302544999999],[-48.5906494,-13.228841],[-48.5930638,-13.231962],[-48.5934159,-13.234877],[-48.599116299999899,-13.237456199999899],[-48.5999452,-13.2386605999999],[-48.598503999999899,-13.2402918],[-48.5974545,-13.2457899],[-48.5958975,-13.2482428],[-48.593836699999898,-13.2493848],[-48.592213699999903,-13.2515736],[-48.5886408,-13.2515877],[-48.5872118999999,-13.2539408],[-48.5901661,-13.2559711],[-48.591001199999901,-13.2554339],[-48.591464599999902,-13.2559547],[-48.5889337,-13.263526899999899],[-48.590881099999898,-13.2658880999999],[-48.5907056,-13.266986099999899],[-48.5918753999999,-13.2671526],[-48.593514099999901,-13.2689012],[-48.5934493,-13.2725057],[-48.592273299999903,-13.275435],[-48.594225499999901,-13.2754773],[-48.593966099999903,-13.2770288],[-48.595275199999897,-13.281154],[-48.597459199999903,-13.2819421999999],[-48.597365,-13.2838262999999],[-48.5998625,-13.2879857],[-48.5998848999999,-13.2931495999999],[-48.597953,-13.3009486],[-48.590378299999898,-13.3066861],[-48.5876603,-13.3100071],[-48.5853802,-13.3183235],[-48.5860898,-13.321600499999899],[-48.5847964,-13.3213873],[-48.5839053999999,-13.3176973],[-48.580858,-13.3148474],[-48.5780875,-13.3087011],[-48.573709,-13.307177099999899],[-48.5702434,-13.3022195],[-48.5671141,-13.3027154],[-48.5631394,-13.306156799999901],[-48.5569346999999,-13.305247399999899],[-48.5535925,-13.3026333999999],[-48.553133699999897,-13.2948359],[-48.5543537,-13.279951599999899],[-48.5575507,-13.2765595],[-48.558328199999899,-13.2723445],[-48.554166699999897,-13.2638421],[-48.5542667,-13.2587272],[-48.5551776,-13.2554848],[-48.5543944,-13.2481127],[-48.5554078,-13.242423299999899],[-48.553462,-13.2356753],[-48.550143499999898,-13.2319979],[-48.550317499999899,-13.2298481],[-48.5543023,-13.2273496],[-48.5531482,-13.222167],[-48.553879,-13.218395],[-48.553752099999897,-13.2035450999999],[-48.551580999999899,-13.2020325999999],[-48.5495653,-13.1986474],[-48.544198,-13.1947137],[-48.539450499999901,-13.1933326999999],[-48.5363763,-13.1935713],[-48.5307149,-13.192471],[-48.5296886,-13.1914151999999],[-48.5294565,-13.1865468],[-48.524193899999901,-13.1759647],[-48.525412,-13.1740359],[-48.525107499999898,-13.170077],[-48.5201334,-13.1668286],[-48.5199304,-13.1655089],[-48.5213515,-13.1632756],[-48.5188137,-13.1490638999999],[-48.517392599999901,-13.1463231],[-48.5194228,-13.143582299999901],[-48.519118299999903,-13.140638399999901],[-48.5181032,-13.1395218],[-48.5134336,-13.138912699999899],[-48.509373099999898,-13.139623299999901],[-48.5067337999999,-13.1416535],[-48.5030793,-13.1422626],[-48.4995264,-13.1370855],[-48.4946538,-13.1368825],[-48.490390299999902,-13.1410445],[-48.486228299999901,-13.1412475],[-48.4839951,-13.145308],[-48.483081399999897,-13.1497745],[-48.4815571,-13.1500935],[-48.4797927,-13.1526729],[-48.4760965,-13.1428738],[-48.4771984,-13.1396953],[-48.4743002,-13.1398363],[-48.472419499999901,-13.137673399999899],[-48.469964699999899,-13.1373098],[-48.4724388,-13.1390971],[-48.472519299999902,-13.1401736],[-48.4701744,-13.1458577],[-48.470496399999902,-13.1501337],[-48.4695429,-13.153672899999901],[-48.4701782,-13.1545206],[-48.4684225,-13.1601638],[-48.469402,-13.163596599999901],[-48.471590799999902,-13.163293],[-48.4727505,-13.1662876999999],[-48.4728044,-13.1686404],[-48.4711293,-13.1702303],[-48.4716263,-13.1731419],[-48.477266799999903,-13.1788007],[-48.476657799999899,-13.1830815],[-48.4745624,-13.185260099999899],[-48.474643399999898,-13.1868744],[-48.4760388,-13.188776599999899],[-48.4751567,-13.1891504],[-48.4749201,-13.1908094],[-48.4782207,-13.193928],[-48.4766996,-13.1980819],[-48.4760486,-13.1978078],[-48.4755377,-13.1988509],[-48.474666,-13.1982148],[-48.4740657,-13.1989368],[-48.474313299999899,-13.201191],[-48.473437299999901,-13.2016844],[-48.472367899999902,-13.2010498999999],[-48.472436899999899,-13.2028792999999],[-48.4740513,-13.2055066],[-48.4733562,-13.2058474999999],[-48.4725381,-13.2049752999999],[-48.4717792,-13.2058104],[-48.4731502,-13.208431399999901],[-48.471882799999896,-13.209443899999901],[-48.4724224,-13.2114493],[-48.4718587999999,-13.2123329],[-48.4747149,-13.214799399999899],[-48.4757258,-13.2170874999999],[-48.4737617,-13.223723],[-48.4729379,-13.222691699999899],[-48.4722128,-13.2229665999999],[-48.474953899999903,-13.2292583],[-48.476282,-13.2300903999999],[-48.474571599999898,-13.231263899999901],[-48.475545699999898,-13.2349601],[-48.4745543,-13.2360346],[-48.470377299999903,-13.235563],[-48.470446799999898,-13.23967],[-48.4693124,-13.240235499999899],[-48.4698331,-13.2397237],[-48.4691774,-13.238835799999899],[-48.4684875,-13.2397731],[-48.4680124,-13.2411817],[-48.468814,-13.2421219],[-48.4679388,-13.2427734],[-48.4681027,-13.2437217],[-48.466423399999897,-13.243575],[-48.465231,-13.2448616],[-48.461067,-13.2446012],[-48.4606385,-13.2459165],[-48.4568498,-13.2480692999999],[-48.457247,-13.2490084],[-48.4601824,-13.2493044],[-48.4602672,-13.2503978],[-48.458876,-13.252308099999899],[-48.4615022,-13.2576649],[-48.4566813,-13.2594455],[-48.456206699999903,-13.2604949],[-48.4574102,-13.2618646],[-48.4582879,-13.26053],[-48.4620869,-13.2622292],[-48.460287999999899,-13.2671028],[-48.4613552,-13.2690507],[-48.458996899999903,-13.2701706999999],[-48.4619706,-13.2750035],[-48.4600161,-13.2769198999999],[-48.460099699999901,-13.2812731],[-48.4588902,-13.2804254],[-48.457702299999902,-13.2824783],[-48.456470099999898,-13.281575599999901],[-48.455916,-13.2825746],[-48.4539463,-13.2830688],[-48.4518835,-13.2825402],[-48.448854299999901,-13.2831163999999],[-48.448099899999903,-13.2843667999999],[-48.4461322,-13.2834925],[-48.4458744,-13.2842279],[-48.446972199999898,-13.285724],[-48.4432916,-13.2867388],[-48.441908899999902,-13.2923422],[-48.4382552,-13.2907905],[-48.4385149,-13.289592],[-48.4366016,-13.2908037],[-48.435071,-13.2901429],[-48.434945599999899,-13.2881398],[-48.436458199999898,-13.2876507],[-48.437359399999899,-13.284014899999899],[-48.4348911,-13.28363],[-48.4337525,-13.282522299999901],[-48.4339801,-13.2805956],[-48.4327392,-13.2809417],[-48.4310833,-13.2787402],[-48.4308917,-13.2779375],[-48.4326201,-13.2755597999999],[-48.4307547,-13.273871499999901],[-48.430047,-13.2711775999999],[-48.4252772,-13.271219299999901],[-48.4208829,-13.272670199999901],[-48.4177695,-13.2720727],[-48.4180699,-13.2739400999999],[-48.4169828,-13.2753882],[-48.415283799999898,-13.2713863],[-48.4131012,-13.2719306],[-48.4106897,-13.2689875],[-48.4083391,-13.2684676],[-48.4079826,-13.2672221999999],[-48.4051029,-13.2683924999999],[-48.4030933,-13.2675874],[-48.402577999999899,-13.2714394],[-48.399422,-13.269037899999899],[-48.397863599999901,-13.2692967999999],[-48.3944799,-13.267376899999901],[-48.390627799999898,-13.268189],[-48.391458499999899,-13.2658132],[-48.3904582,-13.263218499999899],[-48.3909973,-13.2621457],[-48.3897446,-13.2609165],[-48.3874653,-13.2621301999999],[-48.3874332,-13.2634236],[-48.3854807,-13.2662786999999],[-48.384844,-13.2642499],[-48.3806776,-13.2596745],[-48.379424899999897,-13.2553114],[-48.378724599999899,-13.2549127999999],[-48.3776819,-13.2562885999999],[-48.375128,-13.2568282],[-48.3739159,-13.253816299999899],[-48.372147599999899,-13.2524336999999],[-48.3724415,-13.250689],[-48.3697145,-13.249440799999901],[-48.3695766,-13.2483637999999],[-48.367781299999898,-13.2485394999999],[-48.365992199999901,-13.2472356],[-48.3637613,-13.2477575999999],[-48.3630957,-13.2470336],[-48.3640619,-13.2445364],[-48.362517099999899,-13.244792899999901],[-48.362114899999902,-13.2429504999999],[-48.3579996,-13.2430944],[-48.3571883,-13.2422971999999],[-48.3566026,-13.243667899999901],[-48.3559155,-13.2422266999999],[-48.354958,-13.242776],[-48.3528997,-13.2422240999999],[-48.3522672,-13.241156299999901],[-48.348425899999903,-13.2443862],[-48.3503919,-13.2439906999999],[-48.3501461,-13.2450636999999],[-48.348692399999898,-13.2454645],[-48.3495153,-13.2465343],[-48.3482777,-13.2472529],[-48.347581799999901,-13.246628999999899],[-48.3458985,-13.2493076],[-48.3421708,-13.2486187],[-48.342315799999902,-13.247578],[-48.3401125,-13.2482578],[-48.338653099999902,-13.2464929],[-48.339392099999898,-13.2458409],[-48.339307899999902,-13.2441621999999],[-48.3416518,-13.2426664],[-48.3420765,-13.2413084],[-48.343876099999903,-13.2413989],[-48.3416255,-13.237001399999899],[-48.3401835,-13.2363266999999],[-48.3422626,-13.2282026],[-48.340262799999898,-13.2303759],[-48.3376966,-13.2307794],[-48.336472,-13.228974],[-48.3339708,-13.228790199999899],[-48.3331216,-13.2314918],[-48.330485699999898,-13.232927],[-48.3276066,-13.2311473],[-48.323957499999899,-13.2328587],[-48.320420199999901,-13.2310433],[-48.318533499999901,-13.232228099999899],[-48.3174427,-13.2289039],[-48.3163471,-13.2300397],[-48.316598,-13.233856999999899],[-48.3154665,-13.2355947],[-48.3124098,-13.235333099999901],[-48.3118034,-13.2345665999999],[-48.3096434,-13.2353039],[-48.309179599999901,-13.2375504999999],[-48.3079536,-13.237222099999901],[-48.3075456,-13.235712],[-48.306261499999898,-13.235813899999901],[-48.305938099999899,-13.2326125],[-48.308168899999899,-13.2320839],[-48.3099318,-13.2328482],[-48.3107067,-13.231594399999899],[-48.307850099999897,-13.2304601],[-48.3075744,-13.2289084],[-48.3061082,-13.2291223],[-48.305588199999903,-13.2284859],[-48.308017699999901,-13.2285257999999],[-48.309158599999897,-13.227275899999899],[-48.3052127,-13.2266893],[-48.3020943,-13.224075],[-48.299610399999899,-13.2236616],[-48.2978469,-13.2216352999999],[-48.2953998999999,-13.220533799999901],[-48.2954427,-13.2193152999999],[-48.2920688,-13.2199679],[-48.2908973,-13.2173599],[-48.2924948,-13.2158567],[-48.292051,-13.214948499999901],[-48.289512699999896,-13.2146157],[-48.289819399999899,-13.2160051999999],[-48.288577099999898,-13.2162787999999],[-48.288484099999899,-13.2123293999999],[-48.2894104,-13.2132761],[-48.290250199999903,-13.2123386],[-48.2880402,-13.204810199999899],[-48.2856247,-13.2044117],[-48.2844532,-13.2062349],[-48.279915,-13.2001445],[-48.276570299999896,-13.1999463999999],[-48.2759151,-13.2036011],[-48.2773687,-13.2027464999999],[-48.2779101,-13.2049607],[-48.2796278,-13.206690299999901],[-48.279401999999898,-13.2076916999999],[-48.277634099999901,-13.2078546],[-48.2775938999999,-13.2062002],[-48.275361599999897,-13.2059947999999],[-48.2740368,-13.2049195],[-48.2723066,-13.2051974],[-48.2713330999999,-13.2041163],[-48.268074199999901,-13.2032211],[-48.2669483,-13.2061917999999],[-48.2653377,-13.2062511],[-48.2649329,-13.2040479],[-48.2630799,-13.2039612],[-48.2622456,-13.2026521],[-48.2625454,-13.1976362],[-48.2598062,-13.1982856],[-48.2590523,-13.196767],[-48.255332199999899,-13.1961249],[-48.252685299999897,-13.1972436999999],[-48.250142099999898,-13.1969391],[-48.250222199999897,-13.194030499999901],[-48.247833,-13.1921791],[-48.244749399999897,-13.1926501999999],[-48.2432481,-13.189051399999901],[-48.2426612,-13.1863587],[-48.2453235,-13.1856033999999],[-48.245239,-13.1842187],[-48.2426455,-13.183406799999901],[-48.241240699999899,-13.1810065],[-48.2384924,-13.1809577],[-48.2392455,-13.1789360999999],[-48.2380904,-13.1783561],[-48.2373655,-13.1788382],[-48.2372298,-13.1768021999999],[-48.2350799,-13.1759802],[-48.2352152,-13.1746803],[-48.233780599999903,-13.173743499999899],[-48.2316223999999,-13.1691564],[-48.230062599999897,-13.1686268999999],[-48.230760599999897,-13.1712946],[-48.228412299999903,-13.1738576],[-48.227662699999897,-13.1728492],[-48.2255893,-13.17406],[-48.2232182,-13.1740953],[-48.2241322,-13.1725278],[-48.2237944,-13.1713339],[-48.221820099999903,-13.1712264999999],[-48.2215241,-13.1702230999999],[-48.220079499999898,-13.1708240999999],[-48.217232099999897,-13.170280499999899],[-48.2165922,-13.1689579],[-48.216263599999898,-13.1701876],[-48.2130586,-13.1721496],[-48.213051499999899,-13.1747199],[-48.2094036,-13.173780399999901],[-48.2067344,-13.172041299999901],[-48.205927099999897,-13.1722584],[-48.206212799999903,-13.1735126],[-48.2041095,-13.1722027],[-48.1999018,-13.1732072],[-48.1986115999999,-13.1724546],[-48.193604,-13.1730342999999],[-48.1930493,-13.172594499999899],[-48.1948275,-13.1703267999999],[-48.1934671,-13.1686771999999],[-48.1943277,-13.1682779],[-48.1962682,-13.164284],[-48.196392699999898,-13.16234],[-48.1956941,-13.1615818999999],[-48.1897392,-13.1606659],[-48.1868737,-13.1591576],[-48.1857962,-13.1574153999999],[-48.1903106,-13.1554669],[-48.187288899999899,-13.1535506],[-48.1864419,-13.1533979],[-48.1855136,-13.1548217],[-48.1828452,-13.1557101],[-48.1797662,-13.1515656999999],[-48.177654399999902,-13.152828199999901],[-48.1776924,-13.150792399999901],[-48.1766029,-13.1509525],[-48.175201399999899,-13.1489726],[-48.1729931,-13.1480162],[-48.1717035,-13.1486186],[-48.1719482,-13.1519481],[-48.1645252,-13.1582759],[-48.162211199999902,-13.154221],[-48.1614734,-13.1547576999999],[-48.1613321,-13.1572894],[-48.1602189,-13.157387],[-48.1529748,-13.1561786999999],[-48.1525245999999,-13.154610799999899],[-48.1475189,-13.152217899999901],[-48.143659199999902,-13.152472499999901],[-48.145772399999899,-13.156072199999899],[-48.1534103,-13.1619883],[-48.1557715,-13.1687061],[-48.1549543,-13.1761056],[-48.1559808,-13.1780289],[-48.1628668,-13.1815467],[-48.1659237,-13.1892998],[-48.1623795,-13.206850099999899],[-48.1614559,-13.20868],[-48.1542658,-13.214503],[-48.1526888,-13.2179747],[-48.1543121,-13.2210279],[-48.160215999999899,-13.2251802],[-48.166765499999897,-13.232589899999899],[-48.168901199999901,-13.2398787999999],[-48.1674594,-13.244308],[-48.160580599999903,-13.2463346],[-48.1571961,-13.2500059],[-48.155212199999902,-13.257594],[-48.156609499999902,-13.2633154],[-48.1564178,-13.2665241999999],[-48.153214499999898,-13.278311299999899],[-48.1538145,-13.2808416999999],[-48.155027899999901,-13.2822462],[-48.1658882,-13.2925339],[-48.1698794,-13.3003456],[-48.1665211,-13.3015702],[-48.1648231,-13.3066603],[-48.1636531,-13.3056076],[-48.1623311,-13.3059727999999],[-48.1620952,-13.3039161],[-48.1606652,-13.3028677],[-48.157154999999896,-13.3078937],[-48.1580734,-13.3103962],[-48.156651399999902,-13.3109641999999],[-48.1565939,-13.3096193],[-48.1556841,-13.308856299999899],[-48.1562652,-13.307672599999901],[-48.155147,-13.3046919],[-48.1554887,-13.3032827],[-48.153784899999899,-13.3037510999999],[-48.1518609,-13.3082368],[-48.1491626,-13.3073461999999],[-48.1488524,-13.3059946999999],[-48.143099499999899,-13.3061551],[-48.142572599999902,-13.3043594],[-48.140789299999902,-13.3029639],[-48.134388699999903,-13.3013788],[-48.1322071,-13.2996276],[-48.1305449,-13.3003914],[-48.1254038,-13.2983902],[-48.1199842,-13.2975648],[-48.1199344,-13.292492],[-48.117719899999898,-13.291271],[-48.1158181,-13.2920166],[-48.1156166,-13.2932058],[-48.1133353,-13.2928688],[-48.1117323,-13.2901492],[-48.109496299999897,-13.2910542999999],[-48.1070053,-13.2894858],[-48.106383999999899,-13.2880125],[-48.1037807,-13.2890391],[-48.1024993,-13.2915361],[-48.1014023,-13.2906346],[-48.1009996,-13.2924892999999],[-48.0993804,-13.2930613],[-48.0941495,-13.2912216999999],[-48.0935671,-13.2901426],[-48.096069699999902,-13.288158],[-48.0945283,-13.2867906999999],[-48.0925796,-13.2868526],[-48.0923518,-13.2881136],[-48.0912711,-13.2882236],[-48.0909224,-13.2901275999999],[-48.089476499999897,-13.2895948999999],[-48.0892929,-13.2879659],[-48.0881639,-13.2885284],[-48.0874729,-13.2865628],[-48.084566,-13.287753],[-48.0831982999999,-13.2897641],[-48.0824617,-13.289546],[-48.082984699999898,-13.2862332999999],[-48.0820009,-13.285489],[-48.0805569,-13.2863594999999],[-48.0805037,-13.2847714],[-48.0792374,-13.2853782],[-48.079305599999898,-13.2837587],[-48.0783081,-13.2827053999999],[-48.0801253,-13.2821384],[-48.0805642,-13.2798713],[-48.079158999999898,-13.280520399999901],[-48.077999299999902,-13.2797252],[-48.079061099999898,-13.2740135999999],[-48.078107,-13.275293099999899],[-48.0762971,-13.2740373],[-48.077806,-13.271418299999899],[-48.076954699999902,-13.2675856],[-48.074085,-13.2675973999999],[-48.073216,-13.2693677999999],[-48.072019,-13.2673619],[-48.072706,-13.2641915],[-48.072214099999897,-13.262479599999899],[-48.0731714,-13.2599006999999],[-48.072751799999899,-13.257716],[-48.0755363,-13.2555972],[-48.0747626,-13.251950899999899],[-48.0756757,-13.250007299999901],[-48.0757298,-13.246956899999899],[-48.079034,-13.2440017],[-48.079153899999902,-13.2426409],[-48.076042599999901,-13.2427307],[-48.0764465,-13.2390313],[-48.0755217,-13.2403887999999],[-48.0742286,-13.238874399999901],[-48.0726796,-13.2398901999999],[-48.069450699999898,-13.240133899999901],[-48.064262299999903,-13.2374755],[-48.0624559,-13.235721199999899],[-48.061330499999897,-13.2388756],[-48.059221099999903,-13.239329199999901],[-48.058228299999897,-13.2416421],[-48.056861,-13.2408553],[-48.0564994,-13.2389752],[-48.054150299999897,-13.239587299999901],[-48.054929,-13.2422728],[-48.0531768,-13.2454786],[-48.0565429,-13.2485404],[-48.055005,-13.2515119],[-48.0538574,-13.251190399999899],[-48.0535631,-13.2523315999999],[-48.0523295,-13.2522066],[-48.0513477,-13.255239],[-48.052568199999897,-13.2559342],[-48.0522263,-13.2567218],[-48.047311599999901,-13.255643399999901],[-48.044561799999897,-13.2560864],[-48.041093799999899,-13.2541464],[-48.0372449,-13.2536924999999],[-48.0350452,-13.2545421],[-48.0340912,-13.2537265],[-48.0306768,-13.257206499999899],[-48.0312651,-13.259737399999899],[-48.0305815,-13.2625432],[-48.0290186,-13.2629251999999],[-48.0292588,-13.2639854],[-48.028173,-13.2650062],[-48.0311857,-13.2667708999999],[-48.034025799999903,-13.2661826999999],[-48.0330149,-13.2690683],[-48.0311737,-13.2705194],[-48.032762299999902,-13.2717954999999],[-48.0332842,-13.274017899999899],[-48.031405999999897,-13.2749937],[-48.029729,-13.2730432],[-48.027909399999899,-13.272513],[-48.0279505,-13.2754490999999],[-48.0245565,-13.2752876],[-48.0252513,-13.2798336],[-48.018749899999897,-13.2800627999999],[-48.0169949,-13.2780314],[-48.011921099999903,-13.278047399999901],[-48.008419699999898,-13.2766991999999],[-48.006974199999902,-13.2775996999999],[-48.0045838,-13.277564499999899],[-47.9980401,-13.2743354999999],[-47.997744,-13.2760451],[-47.993917199999899,-13.2751248],[-47.9923911,-13.277604],[-47.9885408,-13.2763636],[-47.9845265,-13.279263899999901],[-47.983485,-13.279085],[-47.983484099999899,-13.2798066],[-47.9853343999999,-13.2802915],[-47.9810689,-13.284068799999901],[-47.9804718,-13.288616],[-47.977864,-13.2958333],[-47.9760115,-13.2959744999999],[-47.975569499999899,-13.2952448],[-47.9740733,-13.2960927],[-47.973908,-13.2950491999999],[-47.9724722999999,-13.2953587],[-47.9732122,-13.2970108],[-47.970895299999903,-13.3025938],[-47.9701185,-13.309927],[-47.9705718,-13.311582499999901],[-47.9674007,-13.3126591],[-47.9666809,-13.314155],[-47.966055099999899,-13.3133617999999],[-47.966704299999897,-13.3150807],[-47.965748399999903,-13.314727499999901],[-47.965333,-13.3126771999999],[-47.9625823,-13.3107021],[-47.959982099999898,-13.311078899999901],[-47.959182199999901,-13.3095051],[-47.957001299999902,-13.3092437999999],[-47.956158199999898,-13.3081304],[-47.952820599999903,-13.3085576],[-47.9530276,-13.3095349],[-47.9513659,-13.310638],[-47.9511946,-13.3061665],[-47.9508096,-13.3058078],[-47.949945199999902,-13.3069649],[-47.9486598,-13.304781299999901],[-47.9464267,-13.304941],[-47.9463041,-13.3069115],[-47.9437426,-13.306825199999899],[-47.941820199999903,-13.3057686999999],[-47.9440523,-13.3047200999999],[-47.9439503,-13.303586],[-47.943106199999903,-13.3031938],[-47.9432163,-13.3017618],[-47.9411152,-13.2978957],[-47.9411367,-13.2988705],[-47.940630999999897,-13.298613499999901],[-47.9404023,-13.2962456],[-47.9383294,-13.295117699999899],[-47.939519899999901,-13.2938852],[-47.937890799999899,-13.2939471],[-47.9384635,-13.2920717],[-47.9363044,-13.2898552],[-47.9348421,-13.290393],[-47.9346598,-13.291871899999901],[-47.933126199999897,-13.2913543],[-47.932037799999897,-13.2941772],[-47.930957799999902,-13.2932337],[-47.9297359,-13.294696],[-47.926026799999903,-13.291407499999901],[-47.9233948,-13.2916671999999],[-47.9209762,-13.296708599999899],[-47.919462699999897,-13.297051],[-47.9207855,-13.297896],[-47.919909699999899,-13.2989289],[-47.918781399999901,-13.2988415],[-47.9162469,-13.2966529],[-47.9135206,-13.2971908],[-47.9137618,-13.2990007],[-47.910968599999897,-13.2977243],[-47.906498199999902,-13.2991233],[-47.9038596,-13.30191],[-47.903559099999903,-13.3055661999999],[-47.904359499999899,-13.307306299999899],[-47.902760699999902,-13.3076723],[-47.9022122,-13.311714799999899],[-47.8986464,-13.3125729],[-47.8970027,-13.3097849],[-47.894485599999904,-13.3077165999999],[-47.8942872,-13.3064211999999],[-47.8930887,-13.306291499999899],[-47.893057199999902,-13.3082562],[-47.8918474,-13.3090227],[-47.891695599999899,-13.3110354999999],[-47.8895133,-13.311271799999901],[-47.889941399999898,-13.3146508],[-47.888860099999903,-13.3151399],[-47.888956199999903,-13.3179921999999],[-47.8871356,-13.317260099999899],[-47.886863499999897,-13.319629099999901],[-47.884427699999897,-13.3207214],[-47.88277,-13.3195251],[-47.883735699999903,-13.318238],[-47.8815521,-13.319607],[-47.880734,-13.318214699999899],[-47.879946,-13.319990899999899],[-47.878435099999898,-13.3197499],[-47.8787293,-13.318319899999899],[-47.874060299999897,-13.3204878999999],[-47.8695317,-13.31904],[-47.86667,-13.3170297],[-47.8672577,-13.3150155],[-47.8651879,-13.3142351],[-47.8547634,-13.314252199999901],[-47.8490444,-13.3160085],[-47.8479632,-13.317454499999901],[-47.8440886,-13.3183392],[-47.842221299999899,-13.3172607999999],[-47.8399047,-13.317406199999899],[-47.837251799999898,-13.3150795],[-47.8355831,-13.3151124999999],[-47.8349736,-13.3143305999999],[-47.8313239,-13.3143104],[-47.8236019,-13.3117114],[-47.820214399999898,-13.3125234],[-47.8172595999999,-13.3153022],[-47.8178225,-13.3158622999999],[-47.8169298,-13.3161124],[-47.8167488,-13.3173452],[-47.8097346,-13.3196268],[-47.8082343,-13.3247628],[-47.8054547999999,-13.3249847],[-47.803523,-13.3267746],[-47.7982282,-13.3289841],[-47.679748399999902,-13.4681747999999],[-47.6771251,-13.4659465],[-47.6766211999999,-13.4610377],[-47.677386399999897,-13.457817299999901],[-47.6761152,-13.4559378],[-47.6762970999999,-13.451213],[-47.6709903,-13.4412690999999],[-47.6663462,-13.4364424],[-47.662265299999902,-13.433607],[-47.6607418,-13.4339519],[-47.6593826,-13.4296997],[-47.655635399999902,-13.4286756],[-47.6555195,-13.424804799999899],[-47.653973999999899,-13.4237024999999],[-47.6534578,-13.4220587],[-47.6536546,-13.4206369],[-47.655289099999898,-13.4187266],[-47.654213599999899,-13.4168448999999],[-47.6545058,-13.4154435999999],[-47.6521178,-13.4134323],[-47.647271799999899,-13.405696],[-47.642807499999897,-13.405369899999901],[-47.6425118,-13.4031772],[-47.6410695,-13.4018315],[-47.6399109,-13.3990256],[-47.6377011,-13.3898225],[-47.635141,-13.3905758999999],[-47.634428899999897,-13.391549],[-47.6325907,-13.39131],[-47.632037,-13.3876172],[-47.630387599999899,-13.3885243999999],[-47.6293385,-13.3863423],[-47.6267549,-13.3855500999999],[-47.6240596,-13.376287799999901],[-47.625678299999898,-13.373495299999901],[-47.622293199999902,-13.369192],[-47.6243041,-13.3672473],[-47.626173299999898,-13.3688281],[-47.628751399999899,-13.365694],[-47.63766,-13.3649738],[-47.6385322,-13.361737],[-47.6420737,-13.3614562],[-47.6430685,-13.3604515],[-47.6426797,-13.3561341],[-47.645927899999897,-13.3540446],[-47.6500735,-13.349182599999899],[-47.648738,-13.3422267],[-47.6502669,-13.3400690999999],[-47.6518737,-13.3343159],[-47.6535129,-13.3324248],[-47.654007299999897,-13.3285284],[-47.652824199999898,-13.3247833999999],[-47.6561073,-13.323248],[-47.6531866,-13.319521199999899],[-47.6536575,-13.3134643],[-47.6582205999999,-13.3057775999999],[-47.6614696,-13.3027767],[-47.657657099999902,-13.3028007],[-47.6563322,-13.3005449],[-47.6567259,-13.2973484],[-47.6584625,-13.295016599999901],[-47.6550162999999,-13.286017699999899],[-47.6560133,-13.2825558],[-47.6559224,-13.276447399999901],[-47.6482013,-13.2746347999999],[-47.647454,-13.2709712999999],[-47.643425299999898,-13.2694021],[-47.645053899999901,-13.2670140999999],[-47.639660999999897,-13.2642926],[-47.6453637,-13.2518904],[-47.647666399999899,-13.2500046],[-47.647958699999897,-13.2467164],[-47.6463198,-13.2413602],[-47.6483893,-13.241666899999901],[-47.650315,-13.23766],[-47.6534533,-13.2351249],[-47.6562155,-13.2350423999999],[-47.6568028,-13.2342719],[-47.656368299999897,-13.232679699999901],[-47.6544044,-13.232046599999901],[-47.6529269,-13.2297230999999],[-47.654693199999898,-13.2251155],[-47.654298099999899,-13.2192684],[-47.660544899999898,-13.2194585999999],[-47.662106999999899,-13.217749099999899],[-47.665214299999903,-13.2183676],[-47.6658328,-13.2173400999999],[-47.664049599999899,-13.216814999999899],[-47.664091,-13.2132994999999],[-47.6675997,-13.2108827],[-47.666648199999898,-13.208087599999899],[-47.6626649,-13.2082085],[-47.6601994,-13.2073134],[-47.6608016,-13.2052611],[-47.6640644,-13.203793099999899],[-47.664357,-13.2019735],[-47.6626977,-13.200135999999899],[-47.6602508,-13.1994539],[-47.660001599999902,-13.1980606],[-47.664221499999897,-13.1966782],[-47.664557199999898,-13.1952406],[-47.6606193,-13.1920309],[-47.6589211,-13.1919912],[-47.6579727,-13.1936522],[-47.6569777999999,-13.1936072],[-47.657858599999898,-13.189530799999901],[-47.6543108,-13.1861304],[-47.6564308,-13.1854774999999],[-47.6570437,-13.184400299999901],[-47.6542291,-13.1770941999999],[-47.6552095,-13.175374799999901],[-47.6591938,-13.1756968],[-47.659836799999901,-13.1719995999999],[-47.6620836,-13.170446599999901],[-47.6633143,-13.1705676999999],[-47.6636951,-13.1723585999999],[-47.6661664,-13.1726604999999],[-47.666566799999899,-13.1702395],[-47.668998299999899,-13.1681384],[-47.668991199999901,-13.1668372999999],[-47.6624451,-13.1623734999999],[-47.659317299999898,-13.1582182999999],[-47.6535582,-13.1579528999999],[-47.6546263,-13.1543242],[-47.651695199999899,-13.1498235],[-47.645716299999897,-13.150548899999899],[-47.643704199999902,-13.1495527],[-47.644545999999899,-13.1472803],[-47.642883,-13.1446258999999],[-47.6455741,-13.144177],[-47.6484488,-13.139795],[-47.647936399999899,-13.138570699999899],[-47.6464692,-13.1397941],[-47.645334499999898,-13.1380189],[-47.647353199999898,-13.1356028],[-47.6470691,-13.1332954],[-47.648805,-13.1332393],[-47.6497515,-13.1323499],[-47.6452019,-13.128077399999899],[-47.645579499999897,-13.1253752],[-47.646749199999903,-13.1238174],[-47.6458713,-13.119832299999899],[-47.6425125,-13.1167978],[-47.634056299999898,-13.1132512],[-47.6345926,-13.104985],[-47.633645,-13.1011799],[-47.6316537,-13.1064584],[-47.628236199999897,-13.109003099999899],[-47.6229678999999,-13.1086928999999],[-47.6205026,-13.1071021],[-47.6185396,-13.1041104],[-47.6156147,-13.1036851],[-47.599918699999897,-13.1101791],[-47.593121499999903,-13.1154824],[-47.5904287,-13.115676899999899],[-47.5860738,-13.1143461999999],[-47.580632099999903,-13.1152016],[-47.5746786,-13.1149265],[-47.563795599999899,-13.119051],[-47.5613369,-13.1230196],[-47.560994299999898,-13.1255621],[-47.5662555,-13.1368962],[-47.5669255,-13.141287799999899],[-47.568567599999902,-13.143451399999901],[-47.568875999999896,-13.1487071],[-47.565672699999901,-13.1577842999999],[-47.5661595,-13.1689281],[-47.5652595,-13.179662],[-47.5629974,-13.183566599999899],[-47.559035,-13.185384699999901],[-47.5578012,-13.1868502999999],[-47.5549918,-13.1869356999999],[-47.5500215,-13.189037299999899],[-47.5464886,-13.1893916999999],[-47.541029299999899,-13.1917981],[-47.538871399999898,-13.1907294],[-47.5382246,-13.1885748999999],[-47.5344248,-13.1853616],[-47.5264822,-13.183798399999899],[-47.524301599999902,-13.1824048],[-47.5177151,-13.1833875],[-47.514071,-13.1858329],[-47.5116244,-13.188974],[-47.5088443,-13.1900338999999],[-47.5022532,-13.1891393],[-47.497438299999899,-13.187293],[-47.4922738,-13.1837232],[-47.487209,-13.182690099999901],[-47.482923,-13.1830251],[-47.478380399999899,-13.1849576],[-47.4774513999999,-13.1871897],[-47.483206,-13.1989669],[-47.4878931,-13.2112802],[-47.4864138,-13.2197335999999],[-47.4834939,-13.2226061],[-47.465190699999901,-13.227158],[-47.4571988,-13.2258724],[-47.4505038,-13.2225182],[-47.4421239,-13.222317599999901],[-47.439092199999898,-13.223680499999899],[-47.4345238,-13.2287800999999],[-47.431310499999903,-13.2347930999999],[-47.4321613,-13.2379692],[-47.450253599999897,-13.241912699999901],[-47.453034699999897,-13.2447546],[-47.4544222,-13.2505275999999],[-47.451126299999899,-13.2552567],[-47.444388499999903,-13.2586921],[-47.436445499999898,-13.2667829],[-47.4353717,-13.2723523],[-47.437764899999898,-13.2791025999999],[-47.4325891,-13.2886293],[-47.4293507,-13.290116399999899],[-47.4261275,-13.289979899999899],[-47.4214549,-13.2864385],[-47.4202516,-13.283246599999901],[-47.4199907,-13.275384099999901],[-47.4171999,-13.270832599999901],[-47.3994655,-13.2617845],[-47.396400399999898,-13.2615623],[-47.3929405,-13.2624033],[-47.391468099999898,-13.2583855],[-47.393537299999899,-13.2533553],[-47.3933342,-13.2494331],[-47.394667599999899,-13.247286899999899],[-47.394498999999897,-13.2462664999999],[-47.389071699999903,-13.240274999999899],[-47.3873485,-13.2399922999999],[-47.3844533,-13.2415195],[-47.3819874,-13.240156],[-47.379722699999903,-13.2306025],[-47.377566699999903,-13.2290866],[-47.3735685,-13.2283954],[-47.3705917,-13.2294272],[-47.369562899999899,-13.2320569],[-47.369511799999898,-13.2358537],[-47.367158399999902,-13.2367745],[-47.3641186,-13.2393941],[-47.359815599999898,-13.240591],[-47.355510299999899,-13.2429007],[-47.3536688,-13.2490248],[-47.350486799999899,-13.2495704999999],[-47.34579,-13.2479116],[-47.344017199999897,-13.2488268],[-47.339540999999898,-13.2462381],[-47.338186999999898,-13.246350499999901],[-47.334361199999897,-13.2491974],[-47.3279639,-13.2515505],[-47.3238054,-13.2582586],[-47.3198302,-13.2540632],[-47.314899,-13.2513585999999],[-47.306362299999897,-13.249093],[-47.3025858,-13.2487374],[-47.2986777,-13.2499584999999],[-47.297294099999903,-13.2486799],[-47.295594499999901,-13.248570899999899],[-47.2937228,-13.251752],[-47.2945462,-13.2552476999999],[-47.2936012,-13.2566646],[-47.2856006,-13.2561196],[-47.286599599999903,-13.2577469],[-47.2905974,-13.2597013999999],[-47.2883603,-13.2639854],[-47.2821518,-13.2651268],[-47.279719,-13.2610065],[-47.2792171,-13.2575476],[-47.276282599999902,-13.255752099999899],[-47.2755511,-13.2538615],[-47.2765492,-13.25254],[-47.2763143,-13.251287],[-47.271240799999902,-13.2487355],[-47.2690982,-13.249017799999899],[-47.2675505999999,-13.2479413],[-47.267035,-13.2460237],[-47.2680991,-13.2439198],[-47.2683979,-13.2374475999999],[-47.2668482999999,-13.237719599999901],[-47.264583699999903,-13.2358892],[-47.261112,-13.236544],[-47.255570599999899,-13.2342619],[-47.2535986,-13.2347814],[-47.248592899999899,-13.2295166],[-47.248266699999903,-13.2278974999999],[-47.2508659,-13.225198],[-47.2517516,-13.2226499],[-47.2523793,-13.2126087999999],[-47.250285399999903,-13.210469499999901],[-47.243345,-13.2097901],[-47.2420212,-13.2077702999999],[-47.2423383,-13.2061608],[-47.2377625,-13.2063825999999],[-47.233778599999901,-13.205155],[-47.2320218,-13.2030280999999],[-47.233556,-13.1999926999999],[-47.2320624,-13.1988962999999],[-47.230002399999897,-13.1988378],[-47.230562399999897,-13.1960212],[-47.2296138,-13.194738399999901],[-47.224282899999899,-13.193474599999901],[-47.2211725,-13.1959977],[-47.219486199999899,-13.1962513999999],[-47.2159884,-13.1958609],[-47.212707,-13.1924081],[-47.196924599999903,-13.193684399999899],[-47.1937710999999,-13.1903162999999],[-47.1904718,-13.190287199999901],[-47.183740999999898,-13.1874468],[-47.1825392,-13.1883943],[-47.182948199999899,-13.1904949],[-47.176501099999903,-13.193227599999901],[-47.1754505,-13.194728499999901],[-47.1771158,-13.1987121],[-47.184060299999899,-13.202507099999901],[-47.1844709,-13.20368],[-47.1837871,-13.2047186999999],[-47.1750919,-13.208254899999901],[-47.1732201,-13.2063196999999],[-47.171031899999903,-13.209437],[-47.167942599999897,-13.2111178],[-47.165457199999899,-13.2104502],[-47.1634723,-13.206746699999901],[-47.1612797,-13.204948],[-47.1592542,-13.2066101],[-47.1570752,-13.2063606999999],[-47.1548333,-13.210061799999901],[-47.153966399999902,-13.2102795],[-47.1464774,-13.2050391999999],[-47.1369677,-13.2048126999999],[-47.1356895,-13.203752199999901],[-47.1335041,-13.1993901],[-47.1338047,-13.1890392],[-47.1349223,-13.1873466],[-47.1376486,-13.1888159],[-47.1394845,-13.1889153],[-47.140776199999898,-13.1870491],[-47.1370223,-13.1818967],[-47.132116499999903,-13.1778641],[-47.126106999999898,-13.177711299999901],[-47.1233521,-13.1763096],[-47.1202092,-13.176306899999901],[-47.1178858,-13.1773972999999],[-47.1168754,-13.1768031],[-47.1168719,-13.1755686999999],[-47.1141041,-13.1752758],[-47.1121529,-13.1726348],[-47.1084875,-13.1718223],[-47.1068003,-13.174255899999901],[-47.108855499999898,-13.1783229],[-47.1079731,-13.1801378],[-47.105434,-13.1811246999999],[-47.103868799999901,-13.179569],[-47.1040273,-13.1752829],[-47.0990950999999,-13.1714689],[-47.0974636,-13.171291],[-47.090206899999899,-13.1741812999999],[-47.0900417,-13.1811741],[-47.087919499999899,-13.1818322999999],[-47.0867531,-13.1812679],[-47.0853865,-13.1789453],[-47.0816806999999,-13.1793388999999],[-47.0799547,-13.17722],[-47.080499,-13.175800099999901],[-47.0854035,-13.1717336],[-47.0794248,-13.1653262],[-47.0794911,-13.163929199999901],[-47.0806138,-13.1628107],[-47.080293599999898,-13.161876],[-47.0754062,-13.1610069],[-47.0712409,-13.1589458999999],[-47.0692223,-13.155662499999901],[-47.0677027,-13.156019],[-47.0654577,-13.158323],[-47.0644194,-13.1613728999999],[-47.0613451,-13.161387999999899],[-47.0590574,-13.1597613],[-47.055132199999903,-13.1595727],[-47.052455199999898,-13.1557205],[-47.048426,-13.1571013],[-47.0475056,-13.1567451999999],[-47.0479000999999,-13.1537101],[-47.0448026,-13.1532756],[-47.042530199999902,-13.148760099999899],[-47.0413578,-13.1486164],[-47.036468699999901,-13.1510463],[-47.0365765,-13.147554399999899],[-47.0301332,-13.148514],[-47.028641799999903,-13.1451782],[-47.0231762,-13.1415866999999],[-47.021962599999902,-13.1423614],[-47.021957,-13.1440638999999],[-47.019451699999898,-13.145917699999901],[-47.0166919,-13.1422975999999],[-47.012805399999898,-13.1420315],[-47.007839299999901,-13.1386365999999],[-47.008089599999899,-13.134607899999899],[-47.005948299999901,-13.134108099999899],[-47.0049536,-13.1330063],[-47.004580299999901,-13.1302927999999],[-47.0053109,-13.126518599999899],[-47.0020989,-13.1216848],[-46.9995205,-13.1216201],[-46.997959299999899,-13.1240617],[-46.9951776,-13.122801599999899],[-46.992068,-13.1244517],[-46.9907231,-13.1222622],[-46.9878294,-13.1216342],[-46.9862601,-13.123081],[-46.9885232,-13.1262288999999],[-46.988506599999901,-13.1278000999999],[-46.9845448,-13.1297587],[-46.981826199999901,-13.129917599999899],[-46.979015699999898,-13.1317672],[-46.9776702,-13.126827299999899],[-46.9796506,-13.1225413],[-46.9791473,-13.1218421999999],[-46.9701929,-13.1187257],[-46.969799899999899,-13.1153284],[-46.9661424,-13.1137494],[-46.9602108999999,-13.1115133],[-46.9582564,-13.1124033999999],[-46.9549815,-13.1110653],[-46.9534915999999,-13.111463899999899],[-46.954041699999898,-13.1088341],[-46.951086,-13.1071205],[-46.9512316,-13.1051681],[-46.949466,-13.1040192999999],[-46.947929,-13.1040166],[-46.947595,-13.100633],[-46.9463825999999,-13.099092599999899],[-46.9436928,-13.099529],[-46.9426597,-13.0984607],[-46.9410528,-13.098860199999899],[-46.9394953,-13.0981115],[-46.9390422,-13.0963214],[-46.934991599999897,-13.0930804999999],[-46.9338501,-13.0931034],[-46.9315515,-13.094914099999899],[-46.9287444,-13.0934573],[-46.927500699999896,-13.0897505],[-46.9281377,-13.0863309],[-46.9292616,-13.0853086],[-46.928623899999899,-13.0823482],[-46.925171099999901,-13.0812834999999],[-46.919903299999902,-13.076415699999901],[-46.9165634,-13.0760579],[-46.9116877,-13.0713878999999],[-46.9109118,-13.0694614],[-46.9063298,-13.0674291999999],[-46.9049489,-13.0680323999999],[-46.9022509,-13.0673826999999],[-46.901104,-13.0658],[-46.9014786,-13.063370899999899],[-46.8968606,-13.0591578],[-46.8941287,-13.0540506999999],[-46.8916768,-13.0523851],[-46.884093999999898,-13.050852599999899],[-46.881684699999902,-13.0522285],[-46.8791421,-13.0488799],[-46.8782265,-13.0516605],[-46.8792293,-13.0552499],[-46.880503099999899,-13.0559676],[-46.8806223,-13.0588172999999],[-46.8788923,-13.0597099],[-46.8777972,-13.0619943999999],[-46.8759236,-13.0619697999999],[-46.8712383,-13.0599],[-46.871257899999897,-13.0660308],[-46.867914599999899,-13.0686286],[-46.8661091,-13.068921799999901],[-46.8652018,-13.067797599999899],[-46.8614231,-13.0667377],[-46.854497799999898,-13.0675267],[-46.8547429,-13.0644799],[-46.8566223999999,-13.0616810999999],[-46.8561961999999,-13.0578714],[-46.854957399999897,-13.0576945999999],[-46.8537780999999,-13.058711899999899],[-46.8535671,-13.0575125999999],[-46.8551351,-13.0561273],[-46.8543228,-13.054721899999899],[-46.8519911,-13.0544477],[-46.8490583,-13.050594],[-46.847591599999902,-13.0511801],[-46.8477778,-13.0533017999999],[-46.846938599999902,-13.0533573],[-46.8459123,-13.0503317],[-46.8445573,-13.0498090999999],[-46.8451477,-13.047688],[-46.847717,-13.0451133],[-46.8420891,-13.0413282],[-46.842385599999901,-13.0361763],[-46.8394824,-13.0337211],[-46.8365537,-13.032931],[-46.8344173999999,-13.0343078999999],[-46.831871799999902,-13.0280991],[-46.831615199999902,-13.0249626999999],[-46.832587299999901,-13.0241078],[-46.8305263,-13.0219746],[-46.8306886,-13.0199848],[-46.8289235,-13.0196604],[-46.8284949,-13.016685299999899],[-46.823800999999897,-13.0163461],[-46.8216437,-13.015537],[-46.8212702,-13.013908699999901],[-46.8198575,-13.0147961],[-46.8186123,-13.0138653],[-46.821486,-13.0100338],[-46.8214967,-13.0090233],[-46.8228852,-13.0085349],[-46.8228182,-13.0067893],[-46.818442699999899,-13.0042318],[-46.8198975,-13.0016866],[-46.8176434,-13.0024647],[-46.816333299999897,-13.001295],[-46.814738,-13.0011248],[-46.750611,-12.969154999999899],[-46.4546498999999,-12.9711526],[-46.4459259,-12.9357678],[-46.4444829,-12.9365316],[-46.4377267,-12.93544],[-46.4357487,-12.9325615],[-46.4325688,-12.9306407999999],[-46.4179847999999,-12.8224367],[-46.4156459,-12.823743299999901],[-46.414032399999897,-12.828134],[-46.4113384,-12.8275935],[-46.410600799999898,-12.8282098],[-46.4127402,-12.830686],[-46.4107086,-12.8386404],[-46.411121299999898,-12.8411235],[-46.4096577,-12.84094],[-46.408254699999901,-12.837637099999901],[-46.406042699999901,-12.839639],[-46.4063829,-12.8411871],[-46.408429899999902,-12.8410805],[-46.409118099999901,-12.8455928],[-46.4062375,-12.8463677],[-46.404122399999899,-12.8450071999999],[-46.4027093999999,-12.8451416],[-46.3977623,-12.8513108],[-46.395280199999902,-12.8506419],[-46.3923018999999,-12.8480934999999],[-46.3874986,-12.8506065999999],[-46.384726699999902,-12.8501236999999],[-46.3829617,-12.8485595999999],[-46.380538499999901,-12.8521244],[-46.3763984,-12.853344499999899],[-46.3759724,-12.850533299999899],[-46.3751884,-12.8498102999999],[-46.3738117,-12.8517312999999],[-46.3745742999999,-12.8536111999999],[-46.3740364,-12.8551535],[-46.375259099999901,-12.8564592],[-46.374194499999902,-12.859521099999901],[-46.371545899999902,-12.8613361],[-46.369477399999901,-12.8609092],[-46.3690486,-12.8624806],[-46.3657643,-12.863354],[-46.3666557,-12.8684812999999],[-46.3659883,-12.8701740999999],[-46.369267799999903,-12.8754893],[-46.368501,-12.877942699999901],[-46.363797599999899,-12.8820292999999],[-46.3655092,-12.8837373],[-46.364472799999902,-12.885161599999901],[-46.3678551,-12.888409],[-46.3629649,-12.8890158],[-46.3607645,-12.8900384999999],[-46.3640369,-12.893265499999901],[-46.3637401,-12.8960991],[-46.3654255,-12.8970944],[-46.365712099999897,-12.898194499999899],[-46.3648994,-12.900790399999901],[-46.366762499999901,-12.9019264],[-46.3678684,-12.9015403],[-46.3684008,-12.9025899],[-46.3674257,-12.903944099999901],[-46.3657865,-12.9040543999999],[-46.3626482,-12.9076168],[-46.3601234,-12.9085651999999],[-46.3642806,-12.912666],[-46.3657473,-12.9171815999999],[-46.3657123999999,-12.920027],[-46.3634575,-12.92267],[-46.3669573,-12.924106],[-46.364232399999899,-12.9265002],[-46.3637586,-12.927815899999899],[-46.3652006,-12.9346972],[-46.3679253,-12.9370747999999],[-46.366118599999901,-12.9384812],[-46.366182599999902,-12.939495099999901],[-46.370558699999897,-12.940582],[-46.372427199999898,-12.9445488],[-46.3714457,-12.945820399999899],[-46.3710543,-12.9491712],[-46.3694437999999,-12.9507871],[-46.3721327,-12.954689799999899],[-46.3712963,-12.957742699999899],[-46.373076399999903,-12.9621536],[-46.374226,-12.9628276],[-46.3763574,-12.9620341999999],[-46.3769813,-12.963502],[-46.3761784,-12.9649653],[-46.371133299999897,-12.9671774],[-46.372820499999897,-12.9688523999999],[-46.368008099999898,-12.9721127],[-46.3696864,-12.9737484999999],[-46.3711122,-12.9791688],[-46.3722607999999,-12.980642799999901],[-46.3710005,-12.9834008],[-46.3734603,-12.9836101999999],[-46.372855899999898,-12.985472],[-46.370622599999898,-12.987923],[-46.368015899999897,-12.989391],[-46.3656558,-12.9895756],[-46.3644039,-12.9907428999999],[-46.3624966,-12.988093],[-46.3614549,-12.9885452],[-46.3584059,-12.9876427],[-46.3576115,-12.9886801],[-46.354586299999902,-12.988562],[-46.351699499999903,-12.9878145],[-46.3514896,-12.986033099999901],[-46.347602499999901,-12.9870655999999],[-46.3463723,-12.9851411],[-46.3444691,-12.984048799999901],[-46.3436202,-12.9849831],[-46.342343399999898,-12.983420599999899],[-46.341073299999898,-12.9839514999999],[-46.3396003,-12.9821699],[-46.336103099999903,-12.9831781999999],[-46.3344463,-12.980766],[-46.3327699,-12.982913],[-46.3306554,-12.9806563],[-46.3274063,-12.9815836999999],[-46.3258008,-12.9805585],[-46.3222129,-12.981016899999901],[-46.321970899999897,-12.9795447],[-46.3195214,-12.9812602],[-46.3178416,-12.9809433999999],[-46.318461199999902,-12.980040899999899],[-46.316797699999903,-12.9790925999999],[-46.314756,-12.980461499999899],[-46.3124106,-12.9797270999999],[-46.311049399999902,-12.9806141999999],[-46.311294599999897,-12.9790055],[-46.308644199999897,-12.9796504],[-46.304931,-12.97854],[-46.304533799999902,-12.9772025],[-46.303365,-12.9775910999999],[-46.3006243,-12.9758634],[-46.3002068,-12.974372899999899],[-46.2998612,-12.9754654],[-46.2981432999999,-12.9753016999999],[-46.2964382,-12.973855899999901],[-46.292653599999902,-12.974027799999901],[-46.2902253,-12.972317599999901],[-46.2873473,-12.9742262999999],[-46.286769299999897,-12.971875399999901],[-46.2848741,-12.9713872999999],[-46.2845958,-12.9703936],[-46.283564399999896,-12.970934499999901],[-46.282931399999903,-12.969253599999901],[-46.281703999999898,-12.9696041],[-46.2810157,-12.968555],[-46.2804356,-12.9695912],[-46.2789764,-12.9704212],[-46.278388,-12.9698309],[-46.276619299999901,-12.9711791],[-46.2765765,-12.970433],[-46.274149,-12.9688758],[-46.2724923,-12.9692282999999],[-46.271315,-12.9679518999999],[-46.2700885,-12.9684937],[-46.2679343,-12.966935099999899],[-46.2661581999999,-12.966848],[-46.2650983999999,-12.9656285],[-46.2620962,-12.966159699999899],[-46.2573654,-12.9643838],[-46.255281099999898,-12.9650827999999],[-46.249117899999902,-12.962410799999899],[-46.247950699999897,-12.9631244],[-46.247183699999901,-12.961903399999899],[-46.245605,-12.962255399999901],[-46.243488,-12.9603135999999],[-46.240622099999896,-12.9607864999999],[-46.2403141,-12.96163],[-46.238093499999898,-12.9623869],[-46.2330803,-12.9586982],[-46.2293481,-12.9575867999999],[-46.2220303,-12.9574107],[-46.2182296,-12.9582321999999],[-46.1960974,-12.9570335],[-46.1922426,-12.9547355999999],[-46.1895311,-12.9507484],[-46.1869091,-12.949172],[-46.1808773,-12.948567899999899],[-46.1792252,-12.9457813999999],[-46.1790331999999,-12.9422994],[-46.177731799999897,-12.939377299999901],[-46.1756066,-12.9396930999999],[-46.171776599999902,-12.938409],[-46.170362399999902,-12.9363868],[-46.1685305,-12.9368352],[-46.1634859,-12.9344848],[-46.1620435,-12.9347782999999],[-46.1593855,-12.9337758],[-46.1573784,-12.9343206],[-46.1546797,-12.9372031],[-46.152726,-12.9366185],[-46.1509947,-12.937736099999899],[-46.1447534,-12.933917],[-46.1390114,-12.9326025],[-46.1377754,-12.931096],[-46.134803,-12.929578],[-46.1285745,-12.928514199999899],[-46.126148699999902,-12.9270511],[-46.1225367,-12.926887399999901],[-46.1219828,-12.9257246],[-46.120116,-12.9256799],[-46.1176886,-12.9234915],[-46.1152906,-12.9196249],[-46.112966,-12.9180112],[-46.109048399999899,-12.9204223999999],[-46.104644,-12.9249255],[-46.105570699999902,-12.9281583],[-46.105535599999897,-12.932733299999899],[-46.1088147,-12.938469699999899],[-46.1214227,-12.9524929],[-46.122847299999897,-12.9577126],[-46.1246636,-12.9598204],[-46.129431699999898,-12.9623584],[-46.1338918,-12.9640115999999],[-46.1369627999999,-12.964269499999901],[-46.144104599999899,-12.9677371],[-46.150843699999903,-12.9697869],[-46.1549661,-12.9761245],[-46.1583103,-12.9776194999999],[-46.1663753,-12.977276],[-46.1666789,-12.979101],[-46.1684018999999,-12.9808743],[-46.1715521,-12.9822614999999],[-46.1737638,-12.9820707],[-46.174048899999903,-12.9838776],[-46.1758368,-12.9857049],[-46.1823704,-12.9890023],[-46.193811799999899,-12.996752399999901],[-46.2111844,-13.0011382],[-46.2147846,-13.0039601999999],[-46.257429199999898,-13.013702],[-46.275533799999899,-13.0202133],[-46.2746897,-13.0228392999999],[-46.2761323,-13.0290702],[-46.277527,-13.0313234999999],[-46.2836406,-13.033173799999901],[-46.2829123,-13.0349854999999],[-46.2836634,-13.0376036],[-46.2815472999999,-13.0385181],[-46.280907899999903,-13.0396966],[-46.280642,-13.0417772],[-46.2815629,-13.0451358],[-46.293329899999897,-13.055926],[-46.2938098,-13.0595398999999],[-46.295388699999897,-13.0617017],[-46.2987194,-13.0637642999999],[-46.301412099999901,-13.0672766],[-46.3010985,-13.0743117],[-46.3099912,-13.0817704999999],[-46.3111112,-13.0842961],[-46.3136137,-13.0866339],[-46.316385,-13.0909773],[-46.323783299999903,-13.0947365],[-46.3322759,-13.0961392],[-46.335788799999897,-13.0976578999999],[-46.3289751,-13.0997725],[-46.32447,-13.1024174],[-46.3217045,-13.1027028],[-46.3197943,-13.1042313999999],[-46.316587399999896,-13.1082256],[-46.3156708,-13.1127867],[-46.3157947,-13.1187346999999],[-46.310566999999899,-13.1243665],[-46.307992399999897,-13.1259163999999],[-46.3048573,-13.1261132],[-46.299610099999903,-13.1281286],[-46.2974111,-13.1309423],[-46.2971448,-13.132932599999901],[-46.299745599999902,-13.1363547999999],[-46.2993862,-13.1381648],[-46.2971757,-13.1388087999999],[-46.2956335,-13.1402449],[-46.2951808,-13.1418745],[-46.297583099999898,-13.1461295],[-46.3032506,-13.1502776],[-46.3044027,-13.1535714999999],[-46.304383099999903,-13.1568351999999],[-46.3083965,-13.1638664],[-46.3069295,-13.1655916],[-46.3070303,-13.1706718],[-46.3082411,-13.172835399999901],[-46.3113908,-13.1752602],[-46.3167108,-13.183260899999899],[-46.311079199999902,-13.1825665],[-46.306655,-13.183402699999901],[-46.3047223,-13.184316599999899],[-46.3029804,-13.186404799999901],[-46.3024348,-13.1913979],[-46.304437199999903,-13.2001389],[-46.3038076,-13.2032159],[-46.3043483,-13.2059795],[-46.3102769,-13.2086252],[-46.3121547,-13.2112192],[-46.312351299999897,-13.2134783],[-46.3137262,-13.215207],[-46.3128475,-13.219984899999901],[-46.3133953,-13.2223506999999],[-46.318159,-13.229630799999899],[-46.3203834,-13.2314274],[-46.319755,-13.2346851999999],[-46.323846699999898,-13.2439032999999],[-46.3257929,-13.245429999999899],[-46.3285658,-13.2462293],[-46.3291318,-13.2484863999999],[-46.3276792999999,-13.252923699999901],[-46.3231514,-13.251862399999901],[-46.313755699999902,-13.2517121],[-46.3110925,-13.254166699999899],[-46.3055418,-13.251663899999899],[-46.3009443,-13.2548515],[-46.2999257,-13.2576773],[-46.3009011,-13.264073],[-46.3035775,-13.2675126999999],[-46.3030414999999,-13.270860399999901],[-46.299763299999903,-13.2757409],[-46.2999859,-13.282881799999901],[-46.3061728,-13.286846],[-46.3082271,-13.2912651999999],[-46.3105432999999,-13.2928805],[-46.3104815,-13.2951229],[-46.3113944,-13.2966731],[-46.316018799999902,-13.2983669],[-46.3162234,-13.302072399999901],[-46.317901999999897,-13.3052278],[-46.3133902,-13.3073305],[-46.3064706,-13.307998999999899],[-46.3030669,-13.3101861],[-46.2997708,-13.3152656999999],[-46.2924869,-13.3169301],[-46.2202554,-13.2956892999999],[-46.1748511,-13.2769534999999],[-46.103219399999901,-13.2575102],[-46.0851354,-13.269295999999899],[-46.0802173,-13.2738373999999],[-46.0768917,-13.2816088],[-46.0712849,-13.287048],[-46.071607099999902,-13.2910519],[-46.0682755,-13.2954417999999],[-46.073339599999898,-13.3113688999999],[-46.0846875,-13.3242675],[-46.0879869,-13.3291808],[-46.0993391,-13.334493199999899],[-46.1053638,-13.339683599999899],[-46.106883,-13.3448303],[-46.118211899999899,-13.3568864],[-46.125419399999899,-13.360055],[-46.1318462,-13.368054599999899],[-46.1320342,-13.370747999999899],[-46.1354731,-13.3755242],[-46.1455508,-13.3781911],[-46.1509657,-13.380914899999899],[-46.158955499999898,-13.3813847],[-46.1622857999999,-13.3826351],[-46.1654389,-13.3854231999999],[-46.1658282,-13.3895802],[-46.1694318,-13.3900156],[-46.1800856,-13.3970178],[-46.191729699999897,-13.4099816999999],[-46.2056166,-13.4168318],[-46.212332499999903,-13.4190146],[-46.2219284,-13.4172505999999],[-46.2251383,-13.4128051],[-46.2319648,-13.4185848999999],[-46.2432031,-13.4237462],[-46.2439573,-13.4267257999999],[-46.2495225,-13.4313089],[-46.248530899999899,-13.4360149],[-46.246127699999903,-13.4356652],[-46.2443771,-13.436487499999901],[-46.2373491,-13.4348044],[-46.234863699999899,-13.4364439],[-46.224627499999897,-13.4395676999999],[-46.2233404,-13.4407492],[-46.2248357,-13.4441773999999],[-46.225881,-13.4499582],[-46.2227407,-13.449973499999899],[-46.220898,-13.4508865],[-46.2204503,-13.4536912999999],[-46.217446799999898,-13.4570237],[-46.2101648,-13.461886499999901],[-46.2089639,-13.465562799999899],[-46.2093472,-13.4683001999999],[-46.212896,-13.472297099999899],[-46.233156,-13.481745299999901],[-46.233999,-13.4840012999999],[-46.2370637,-13.4871504],[-46.235872099999902,-13.4889643],[-46.233841599999899,-13.489336],[-46.2284772,-13.488096599999899],[-46.2268222,-13.4896416],[-46.225733499999897,-13.4935343],[-46.227592699999903,-13.4957853999999],[-46.2276107,-13.4993110999999],[-46.2252276,-13.5030293],[-46.2255153999999,-13.5051073],[-46.2295065,-13.508703899999899],[-46.230261299999903,-13.511774],[-46.2336801,-13.5118476],[-46.2352572,-13.513105499999901],[-46.235913299999901,-13.514910299999899],[-46.2388776,-13.5164235],[-46.241493299999902,-13.5166275999999],[-46.2472571,-13.5216887],[-46.247282299999902,-13.5229813],[-46.2447481,-13.5242506],[-46.243483899999902,-13.5263361999999],[-46.2446768,-13.5301001],[-46.2419413,-13.53712],[-46.239183,-13.539755399999899],[-46.238828899999902,-13.5427405],[-46.2374522,-13.5445554999999],[-46.2385098,-13.552505799999899],[-46.2370437,-13.5549088],[-46.239015799999898,-13.5610012999999],[-46.242453699999899,-13.5646004],[-46.2411839,-13.569217299999901],[-46.24138,-13.5713860999999],[-46.245607199999903,-13.5774582],[-46.2474525,-13.578660399999899],[-46.2368931,-13.5793639],[-46.231719199999901,-13.5832136],[-46.221982399999902,-13.5767705],[-46.1996427999999,-13.572539399999901],[-46.1872551,-13.5754193],[-46.1750938,-13.5830439],[-46.172425599999897,-13.5873597999999],[-46.1675389,-13.5897333],[-46.1656136,-13.5929065],[-46.162745399999899,-13.603642099999901],[-46.178103899999897,-13.614274],[-46.1836519,-13.6146997],[-46.183939,-13.6166871999999],[-46.188470799999898,-13.6172081],[-46.1875641,-13.6207381999999],[-46.1884036,-13.6222711],[-46.202580399999903,-13.6290736999999],[-46.206555,-13.629054499999899],[-46.216397899999897,-13.6359856999999],[-46.2222441,-13.6421769],[-46.224203499999902,-13.645693],[-46.2281747,-13.6485301],[-46.2376411,-13.652126399999901],[-46.2358647,-13.655398799999899],[-46.236944799999897,-13.658648],[-46.2416085999999,-13.6612916],[-46.2424356,-13.6673896999999],[-46.2450555,-13.6715803],[-46.2511852,-13.676874199999901],[-46.2505095,-13.6784777],[-46.2508609,-13.6802387999999],[-46.253422,-13.6837515999999],[-46.256197799999903,-13.6841623999999],[-46.2573214,-13.686805499999901],[-46.2604484,-13.6906498],[-46.263632899999898,-13.691393],[-46.2631031,-13.6943428],[-46.26122,-13.6949129],[-46.251642499999903,-13.6916709],[-46.2474546,-13.693527199999901],[-46.2406728,-13.694429199999901],[-46.2391337,-13.6971399],[-46.239190699999902,-13.6991917999999],[-46.23577,-13.7010531],[-46.235971,-13.7041257999999],[-46.2377367,-13.7058256],[-46.2357507,-13.7079691],[-46.2356033,-13.709850199999901],[-46.237401,-13.712345399999901],[-46.2377875,-13.7155076],[-46.2392532,-13.7181762],[-46.244088599999898,-13.719779099999901],[-46.245650899999902,-13.7214528],[-46.251202299999903,-13.7237933],[-46.2551556,-13.7246863],[-46.256536599999897,-13.7287564],[-46.263362599999901,-13.7307556],[-46.2628572,-13.7348173],[-46.26129,-13.7357292999999],[-46.25851,-13.7346587],[-46.254313599999897,-13.7350417],[-46.2510311999999,-13.736866399999901],[-46.2360717,-13.7498423],[-46.2304659,-13.756650599999899],[-46.229790299999898,-13.7601164],[-46.2229368,-13.7654029],[-46.2270644,-13.7694415],[-46.229975,-13.7742092999999],[-46.238213599999902,-13.775506],[-46.2456136,-13.7791119],[-46.2500588999999,-13.7801742],[-46.254218599999902,-13.779701],[-46.2774951,-13.7908815],[-46.2793622,-13.7940358],[-46.281495499999899,-13.7951095],[-46.2748491,-13.797584899999899],[-46.2714468,-13.801309],[-46.266658,-13.8035394999999],[-46.2639037,-13.807395799999901],[-46.2647782,-13.8117487],[-46.2661153,-13.8143995999999],[-46.269217899999902,-13.8167791999999],[-46.2695095999999,-13.8193994],[-46.273631,-13.828779699999901],[-46.2703854,-13.8290767999999],[-46.266333,-13.830715999999899],[-46.2549513,-13.8302320999999],[-46.2517076,-13.8291637999999],[-46.2497673,-13.8296257],[-46.2477383,-13.830811299999899],[-46.2461777,-13.8330793],[-46.246749599999902,-13.8362404],[-46.240373299999902,-13.8376287999999],[-46.2351186,-13.8411811],[-46.2324747,-13.848607399999899],[-46.2354525,-13.8518468999999],[-46.236209899999899,-13.8550974999999],[-46.239466299999897,-13.8585163],[-46.2395698999999,-13.8605951],[-46.245539,-13.8677516999999],[-46.2452658999999,-13.8703295999999],[-46.2475387,-13.8766280999999],[-46.2502148,-13.878711699999901],[-46.2568302,-13.8871755],[-46.2604405,-13.8874281],[-46.2621164,-13.8893179],[-46.2592488,-13.8895135],[-46.2574035,-13.8905174],[-46.2571551,-13.895942799999901],[-46.258557799999899,-13.898647599999901],[-46.261049699999901,-13.900822499999901],[-46.2601549,-13.903069],[-46.261275699999899,-13.9049616999999],[-46.2600844,-13.9071375],[-46.2603743,-13.909396],[-46.2628875999999,-13.912095],[-46.2628068,-13.9142651],[-46.266989,-13.9174978],[-46.264411,-13.919952],[-46.2627247,-13.9247068],[-46.2632909,-13.935235599999899],[-46.2626681,-13.939849299999899],[-46.264190299999903,-13.9474351],[-46.2619152,-13.9545886],[-46.258226099999902,-13.9570484999999],[-46.254487299999901,-13.967463899999901],[-46.2530267,-13.9695326],[-46.2507979,-13.969923799999901],[-46.2419206,-13.966479799999901],[-46.235114199999899,-13.9677349],[-46.2336644,-13.9683841999999],[-46.2329314999999,-13.969834299999899],[-46.2290543,-13.9718427999999],[-46.220066,-13.975422799999899],[-46.2199246,-13.978461],[-46.2206745,-13.980220099999899],[-46.2194433,-13.983733899999899],[-46.220041599999902,-13.9883503999999],[-46.219358199999903,-13.9939497],[-46.2207612,-13.9966547],[-46.2206901,-13.998978399999899],[-46.2233267,-14.000348299999899],[-46.2242605,-14.0036071],[-46.222222799999898,-14.006944099999901],[-46.218035799999903,-14.0065221999999],[-46.2159918,-14.008702099999899],[-46.2131403,-14.0087164],[-46.2110089,-14.013645],[-46.2081517,-14.016136199999901],[-46.2101757,-14.0172019],[-46.2113292,-14.0217524],[-46.2132594,-14.0243462999999],[-46.213088399999897,-14.030557799999899],[-46.2170644,-14.033014799999901],[-46.223401899999899,-14.040748399999901],[-46.227680099999901,-14.0442614],[-46.2270584,-14.0492366],[-46.224755,-14.051417899999899],[-46.2254176,-14.0541266],[-46.228017599999902,-14.0554693999999],[-46.2307248,-14.0595236999999],[-46.2294327,-14.0603439],[-46.2267848,-14.0674086],[-46.2251285,-14.0694058999999],[-46.2255158,-14.072567999999899],[-46.2268263,-14.0751829],[-46.2287754,-14.0759866],[-46.2287851,-14.077794599999899],[-46.2256566,-14.0816073999999],[-46.2258572,-14.0844992],[-46.2226165,-14.1020533999999],[-46.2243922,-14.1050276],[-46.221530099999903,-14.1067598],[-46.211858699999901,-14.117024],[-46.208258199999896,-14.1193021],[-46.2068384,-14.1223376999999],[-46.202087199999902,-14.1260227999999],[-46.199313,-14.1269406],[-46.1968285,-14.1301170999999],[-46.1951587,-14.1367607999999],[-46.1880325,-14.1452307],[-46.1865759,-14.1501737999999],[-46.1869245,-14.153092],[-46.185992499999898,-14.155591699999899],[-46.1841003,-14.1569481],[-46.180564499999903,-14.1557812],[-46.1773271,-14.156791499999899],[-46.1750086,-14.1563508999999],[-46.1727875,-14.1568138],[-46.167979199999898,-14.1604442],[-46.1634433,-14.1593905],[-46.158140699999898,-14.1605913999999],[-46.1391417,-14.153811699999901],[-46.1321884,-14.1528501],[-46.1280328,-14.155581799999901],[-46.1279509,-14.1577518],[-46.123694,-14.158766199999899],[-46.1203767,-14.158655199999901],[-46.1181409,-14.1599492999999],[-46.116296,-14.1616033],[-46.112252899999902,-14.1684926999999],[-46.1110226,-14.1727112999999],[-46.1124743,-14.1759048],[-46.112941099999901,-14.180413799999901],[-46.118158999999899,-14.1863561],[-46.120785399999903,-14.1871755999999],[-46.1226647,-14.1906021],[-46.108731299999903,-14.1874033999999],[-46.1006896,-14.191508699999901],[-46.0983052999999,-14.1966725999999],[-46.0982283,-14.1999274999999],[-46.0990409,-14.2031782999999],[-46.1018829,-14.2083183],[-46.0794955,-14.196938999999899],[-46.0696596,-14.1940901999999],[-46.066972,-14.194011799999901],[-46.0610483,-14.195484599999901],[-46.053575099999897,-14.2025692],[-46.0525646,-14.2044721],[-46.0524844,-14.2071845999999],[-46.0573585,-14.2150826],[-46.0554448,-14.222070299999899],[-46.0604058,-14.2327005999999],[-46.0548476,-14.2371886],[-46.0537447,-14.239182399999899],[-46.052936499999902,-14.244791],[-46.0498724999999,-14.2436293],[-46.043388,-14.2443809],[-46.0333003,-14.2476794],[-46.0309908999999,-14.2494070999999],[-46.0300764,-14.2521232],[-46.0311093,-14.257091],[-46.0295909,-14.2595294999999],[-46.026408499999903,-14.260908299999899],[-46.023629,-14.261191499999899],[-46.0207483,-14.2595765],[-46.0184176,-14.2566030999999],[-46.0151106,-14.254989899999901],[-46.0045218,-14.254203],[-45.999783299999898,-14.2558683],[-45.9954281,-14.2561577],[-45.9915482,-14.2591573],[-45.990628699999903,-14.260878799999899],[-45.991103699999897,-14.263498599999901],[-45.9957506,-14.2662819],[-45.9975623,-14.2777558],[-45.9818404,-14.273508799999901],[-45.9722609,-14.2791262],[-45.9701507999999,-14.2842879],[-45.9644033,-14.2843113],[-45.962556499999899,-14.2860365],[-45.959895399999901,-14.2924661],[-45.9618614,-14.2969785],[-45.9602542,-14.298386299999899],[-45.9577148,-14.302962099999901],[-45.9585061,-14.3059241999999],[-45.9564635,-14.3139967],[-45.9570512,-14.3213986],[-45.954655499999902,-14.3249432],[-45.948267,-14.3293535],[-45.9424275,-14.3387248],[-45.9422145999999,-14.343255],[-45.9328082,-14.342361],[-45.930398099999898,-14.3448294999999],[-45.9318512,-14.34863],[-45.9282322,-14.350289599999901],[-45.9236314999999,-14.34774],[-45.9151433,-14.3446448],[-45.9071552999999,-14.3551897999999],[-45.9084364,-14.3601121],[-45.9082764,-14.3664413],[-45.9111593,-14.3684191999999],[-45.910251,-14.3731238],[-45.9112628,-14.3756423],[-45.92244,-14.3828406],[-45.924248799999901,-14.3964306999999],[-45.929854799999902,-14.4040841999999],[-45.9326429,-14.4098592999999],[-45.935355,-14.4107255],[-45.9417748,-14.415401099999899],[-45.9489167,-14.4152821],[-45.949573799999897,-14.4171147],[-45.9533311,-14.419423],[-45.9591382999999,-14.4260351999999],[-45.966761399999903,-14.4277218],[-45.9695689,-14.4291206],[-45.972179599999897,-14.4321836999999],[-45.9758064,-14.434248],[-45.9810102,-14.4341812],[-45.983879199999897,-14.4326414],[-45.987745,-14.427869999999899],[-45.993860299999902,-14.428368599999899],[-46.0036893,-14.425452199999899],[-46.0101837,-14.425695699999901],[-46.0073235999999,-14.4291433],[-46.0011352,-14.4330388999999],[-46.0000734,-14.4466222],[-46.003682,-14.450720299999899],[-46.0067726,-14.4510235],[-46.010779699999901,-14.4549840999999],[-46.0104994,-14.4586557],[-46.0190031,-14.4720712],[-46.0181032,-14.4741182],[-46.0146761,-14.4753987],[-46.013206,-14.4785691],[-46.0112604,-14.4792103],[-46.003863099999897,-14.4848471],[-45.9988597,-14.4864052999999],[-45.996085,-14.488406],[-45.995919199999904,-14.4928365],[-45.9932509,-14.4979104],[-45.994186399999897,-14.499624099999901],[-45.9998649,-14.5036681999999],[-45.9993357,-14.5098179],[-46.0000596,-14.5118942],[-46.0039970999999,-14.5145894999999],[-46.001508199999897,-14.5183067],[-46.0001362,-14.5227422999999],[-45.9814491,-14.531897899999899],[-45.975308299999902,-14.538929799999901],[-45.9791587,-14.5470773],[-45.9888395,-14.5492786],[-45.989205399999904,-14.5522422999999],[-45.9912772,-14.554782999999899],[-45.9903648,-14.5583126],[-45.9913237,-14.5651791999999],[-45.9875326,-14.5684497999999],[-45.9860595,-14.5711681],[-45.9852551,-14.578132599999901],[-45.988466,-14.589483099999899],[-45.9934809,-14.594710099999901],[-45.992947899999898,-14.5975986],[-45.9978884,-14.6035777],[-45.9940794,-14.606419399999901],[-45.990363499999901,-14.612663199999901],[-45.988497,-14.6138864],[-45.9850101,-14.6190659],[-45.9843987,-14.6218787],[-45.9851504,-14.6296722],[-45.9904418,-14.6377770999999],[-45.9948143,-14.6396569],[-45.9920312,-14.6402112],[-45.990366,-14.641574299999901],[-45.9893556,-14.6440195],[-45.9888127,-14.6471859],[-45.9898544,-14.651701699999901],[-45.9888511999999,-14.6557741],[-45.989515,-14.658845],[-45.991665,-14.6619999],[-46.000971799999903,-14.666570599999901],[-46.0045888,-14.6655605999999],[-46.0105164,-14.66219],[-46.0116424,-14.6647163],[-46.014337399999903,-14.6651565999999],[-46.018999999999899,-14.6693850999999],[-46.020952599999902,-14.669919],[-46.0237681999999,-14.6763252],[-46.0279691,-14.6810075],[-46.020865,-14.6910735],[-46.0055037,-14.688998],[-46.0047076,-14.691595999999899],[-46.0049322,-14.7000929],[-46.0033698,-14.7037157999999],[-46.003937,-14.705883],[-46.0008766,-14.7068906],[-45.9995840999999,-14.7086138999999],[-45.999164999999898,-14.718559899999899],[-46.0046968,-14.729836299999899],[-45.9970579,-14.7413414],[-46.002520499999903,-14.7475193999999],[-46.007302,-14.750979099999901],[-46.0056481,-14.754964],[-46.0064,-14.7568592],[-46.0051306,-14.7636448],[-45.998927299999899,-14.7682823],[-45.998753,-14.7708142999999],[-46.001846999999898,-14.7769481999999],[-45.999455,-14.7821114999999],[-46.0020992,-14.7914114],[-46.0025841,-14.795839],[-46.0051961,-14.7980876999999],[-46.014119799999897,-14.7988622],[-46.0151571,-14.802112099999899],[-46.0191571,-14.8030889],[-46.018533299999902,-14.8087869],[-46.019793999999898,-14.8120991],[-46.017411599999903,-14.8153369],[-46.0186719,-14.818549699999901],[-46.0293718,-14.8213949],[-46.0321582,-14.8211112],[-46.0366359,-14.8227635],[-46.0381244,-14.825062],[-46.0411979,-14.826494599999901],[-46.0385595,-14.838349],[-46.0340174,-14.8408102999999],[-46.032820899999898,-14.843256499999899],[-46.0282845999999,-14.8469832],[-46.0252869,-14.855756499999901],[-46.0266493,-14.8588692],[-46.0313272,-14.8614337],[-46.034972099999898,-14.8680570999999],[-46.037842899999902,-14.8714486],[-46.0394858,-14.8719768999999],[-46.039378499999899,-14.8752514999999],[-46.0485611,-14.8782826999999],[-46.0552794,-14.8893113],[-46.0577747,-14.8968690999999],[-46.061162599999903,-14.901533099999901],[-46.0623408,-14.9079897999999],[-46.064777,-14.9094368],[-46.0673034,-14.9097753999999],[-46.0757788,-14.9046392999999],[-46.077694999999899,-14.9041233999999],[-46.0793361,-14.9048430999999],[-46.081974199999898,-14.9130842],[-46.0831939,-14.9280745],[-46.0848362,-14.932019899999901],[-46.0881416,-14.9363926],[-46.0982162,-14.9389825],[-46.1072919,-14.938407],[-46.110393,-14.9370152],[-46.1151116,-14.9296623999999],[-46.119082799999902,-14.920562899999901],[-46.1203001,-14.9200585999999],[-46.1253348,-14.9219522999999],[-46.1291648,-14.9210611],[-46.132334,-14.921375399999899],[-46.1387485,-14.9284954],[-46.145748099999899,-14.9265151999999],[-46.1499238,-14.924126699999899],[-46.1547227,-14.9173506],[-46.1594703,-14.913807899999901],[-46.1600055,-14.911575099999901],[-46.1592267999999,-14.9079844],[-46.160358899999899,-14.906701499999899],[-46.1641413,-14.9064900999999],[-46.1664135,-14.908449699999901],[-46.164360499999901,-14.913471],[-46.163452199999902,-14.921605],[-46.1614527,-14.9273147],[-46.1615537,-14.9310482],[-46.1668576,-14.9379456],[-46.1720576,-14.9472886],[-46.1755505,-14.9494252],[-46.191389899999898,-14.944676],[-46.1975034,-14.9413051],[-46.1999766,-14.9384383999999],[-46.2058071,-14.937163499999899],[-46.211303799999897,-14.9369656],[-46.212644,-14.9379683999999],[-46.2157258,-14.9435252],[-46.2244688,-14.9417314],[-46.2259731,-14.936225299999901],[-46.2322235,-14.922296099999899],[-46.2337021,-14.9215282],[-46.2388869,-14.9234385],[-46.246056199999899,-14.921925799999901],[-46.247387699999898,-14.9223461999999],[-46.2498346,-14.925907299999899],[-46.2600565,-14.9300408],[-46.269027,-14.927872099999901],[-46.270858599999897,-14.9281209],[-46.273675399999902,-14.9300956],[-46.286864799999897,-14.9281457],[-46.2903051,-14.924978],[-46.2921684,-14.9217753999999],[-46.293804599999902,-14.9101085999999],[-46.294669999999897,-14.9086131],[-46.2967227,-14.9084225],[-46.3026869,-14.9109877999999],[-46.3061122,-14.911553],[-46.307557,-14.9107842999999],[-46.3103034,-14.9059609],[-46.3138873,-14.9030475],[-46.3154805,-14.900592399999899],[-46.3180297,-14.9010269],[-46.3193358,-14.900438999999899],[-46.3196028999999,-14.89647],[-46.3179984,-14.8895952],[-46.318167399999901,-14.8832583],[-46.3153899,-14.8799207],[-46.3088887,-14.8775659],[-46.306887199999899,-14.8711408],[-46.302058499999902,-14.8631162],[-46.3004725,-14.8580787],[-46.301695499999902,-14.856318799999899],[-46.304092399999902,-14.8553762],[-46.3099554,-14.8555825999999],[-46.314473,-14.8544843],[-46.318812099999903,-14.8475225],[-46.3249172,-14.847787599999901],[-46.325086999999897,-14.8456231],[-46.320260899999901,-14.8363075999999],[-46.3219731,-14.8273242999999],[-46.3200074,-14.8209436],[-46.3207214,-14.8173211],[-46.322199899999902,-14.8145802999999],[-46.3330252,-14.813633099999899],[-46.334306599999898,-14.8128909],[-46.3345868,-14.8066219],[-46.3363947,-14.8032810999999],[-46.348474399999901,-14.798329899999899],[-46.355007199999903,-14.794200799999899],[-46.3593645999999,-14.7939584],[-46.3657836,-14.795406],[-46.367949199999899,-14.78962],[-46.3769828,-14.7865631],[-46.3831446,-14.7782736999999],[-46.385977099999899,-14.7756274],[-46.394091199999899,-14.7715977],[-46.404531899999903,-14.7603311999999],[-46.4163897,-14.7571067],[-46.423804899999901,-14.7559729],[-46.4296348,-14.7527003],[-46.4411689,-14.742202899999899],[-46.447361699999902,-14.7316769],[-46.451616699999903,-14.7305964999999],[-46.458751199999902,-14.7319807],[-46.4631396999999,-14.731174399999899],[-46.464953799999897,-14.7254627],[-46.4649471,-14.719255299999899],[-46.4659775,-14.713600799999901],[-46.4690295,-14.7082177],[-46.4749035,-14.7051830999999],[-46.4765621,-14.7050973999999],[-46.479279399999903,-14.705776],[-46.483783399999901,-14.7090435],[-46.4900153,-14.709998299999899],[-46.4926452,-14.7091157999999],[-46.5011137,-14.703025899999901],[-46.5034458,-14.704075799999901],[-46.509724199999901,-14.7160762],[-46.5073654,-14.726298799999901],[-46.507510099999898,-14.7321496],[-46.5102818,-14.738260599999901],[-46.515504099999902,-14.7418506],[-46.5223951,-14.745100299999899],[-46.5322035,-14.7460078],[-46.5371168,-14.7474561],[-46.544192199999898,-14.7530123999999],[-46.5444729,-14.758004],[-46.5432281,-14.7686732],[-46.5489221,-14.7741765],[-46.5638389,-14.7833848999999],[-46.565893699999897,-14.7863735999999],[-46.5662818,-14.7883957],[-46.5659499,-14.792036499999901],[-46.563419399999901,-14.7989732],[-46.5577115,-14.8069985],[-46.5572868,-14.8102441999999],[-46.5591731,-14.8121322],[-46.5604796,-14.8150145],[-46.5602562,-14.8206557999999],[-46.5585055,-14.8221536],[-46.54598,-14.8236094],[-46.5363902,-14.8267245],[-46.5338949,-14.8282705999999],[-46.5319268,-14.830298399999901],[-46.5302285,-14.8380826],[-46.528257499999903,-14.8431227],[-46.525750899999899,-14.8446655999999],[-46.521556,-14.851179499999899],[-46.5228102,-14.860071699999899],[-46.5262312999999,-14.8711491999999],[-46.5283605,-14.8740501999999],[-46.530424,-14.8837106],[-46.533234,-14.888141],[-46.5398657,-14.8919003999999],[-46.542344199999903,-14.8960274],[-46.543844,-14.9052991999999],[-46.5427541,-14.9140811],[-46.5442839,-14.921165],[-46.5465359,-14.9254445],[-46.545342499999897,-14.9276783],[-46.5460351,-14.928893],[-46.541476499999902,-14.9348361999999],[-46.5398771,-14.9385255],[-46.539362299999901,-14.9413258],[-46.5409493,-14.9465913],[-46.5408375,-14.951603599999901],[-46.538592299999898,-14.9547613],[-46.5324249,-14.9579605],[-46.533729799999897,-14.9610082],[-46.5287797,-14.9648503999999],[-46.5210077,-14.967394],[-46.5181486,-14.9704785],[-46.5172886,-14.9728646],[-46.5167579,-14.9820174],[-46.518675599999902,-14.9835484],[-46.523252699999901,-14.9840742],[-46.5260041,-14.9860027999999],[-46.527305899999902,-14.9881525],[-46.5289202,-14.9928628],[-46.5308107,-15.0052785],[-46.5206716,-15.0137397999999],[-46.5200641,-15.020171],[-46.5177891,-15.0238664],[-46.514229699999902,-15.026323],[-46.511862699999902,-15.029878],[-46.5098666,-15.0347646],[-46.5090033,-15.040327],[-46.5082047,-15.0421613999999],[-46.5063326,-15.0435615],[-46.502721999999899,-15.050897899999899],[-46.5026,-15.0522511],[-46.5036081,-15.053433299999901],[-46.5075363,-15.055120299999899],[-46.5112263,-15.0591883],[-46.515478899999898,-15.0617918],[-46.518472599999903,-15.0605729],[-46.5219473,-15.0570236],[-46.5240542,-15.0563587],[-46.5319982,-15.0563938999999],[-46.536396599999897,-15.0593823],[-46.5427544,-15.0617492],[-46.5454205,-15.0656327999999],[-46.5477807,-15.0655214],[-46.5513197,-15.0638756],[-46.5652287999999,-15.07325],[-46.569927,-15.079959599999899],[-46.5753084,-15.083631899999901],[-46.5774544,-15.0840641],[-46.5827011,-15.081436199999899],[-46.588005699999897,-15.0811231],[-46.5921178,-15.0819958],[-46.595580799999901,-15.083706999999899],[-46.6003092999999,-15.0878109],[-46.6050023,-15.086996699999901],[-46.610615799999898,-15.0840094],[-46.6175092,-15.0859722],[-46.625443399999902,-15.0895145],[-46.6280594999999,-15.0894905],[-46.641019399999898,-15.0875874],[-46.651535099999897,-15.084603399999899],[-46.6564061999999,-15.0815064],[-46.6701729,-15.0673621999999],[-46.681669199999902,-15.058620399999899],[-46.7002262,-15.0534398],[-46.7082604,-15.0495222],[-46.7161171,-15.0438449],[-46.7264771,-15.0384154999999],[-46.739765599999899,-15.0343778],[-46.747202,-15.0341235],[-46.7532595,-15.032745599999901],[-46.7585099,-15.0303044999999],[-46.7682849,-15.024039899999901],[-46.7818569,-15.0193214],[-46.7858623,-15.0183517],[-46.8033394,-15.0169141],[-46.812391499999897,-15.0144336],[-46.820554699999903,-15.0107669],[-46.8298684,-15.009264],[-46.844342,-15.0090817],[-46.856898999999899,-15.010266],[-46.860421599999903,-15.0140177],[-46.861652999999897,-15.0178165],[-46.864170499999901,-15.020385099999899],[-46.8787522,-15.0266669],[-46.894474499999902,-15.0351274],[-46.9083441,-15.0458631],[-46.9180559,-15.0490182],[-46.9205918,-15.050859],[-46.925060099999897,-15.0575054999999],[-46.926596199999899,-15.0616927999999],[-46.9276211,-15.0675405],[-46.9260374,-15.0735624],[-46.9227274,-15.0771156],[-46.917562,-15.079705299999899],[-46.9138386,-15.0826665],[-46.9100341,-15.0879466],[-46.9064221,-15.0902664],[-46.899238399999902,-15.092772],[-46.8977634,-15.0942171999999],[-46.896872599999902,-15.0969249],[-46.8975384,-15.1001444],[-46.897010099999903,-15.1030868999999],[-46.8890014,-15.1111187999999],[-46.888319,-15.1125393],[-46.8884431,-15.1156448999999],[-46.8994154,-15.137169],[-46.9022166,-15.1410306],[-46.905237199999902,-15.1433989],[-46.9097057,-15.1529353],[-46.912841199999903,-15.155773199999899],[-46.914075599999897,-15.1582787999999],[-46.9154492,-15.1652185],[-46.9205966,-15.1782157],[-46.927673899999903,-15.1879173],[-46.930070199999903,-15.1929658999999],[-46.9344268,-15.1987867],[-46.9373469,-15.205019799999899],[-46.9382024,-15.2106489],[-46.9373171,-15.215202],[-46.9334803,-15.2234867],[-46.934231,-15.2260681],[-46.9360123,-15.2279912],[-46.940074799999898,-15.2291514],[-46.9409274,-15.2296368],[-46.9408665999999,-15.2307016],[-46.9354486,-15.2371376999999],[-46.933564499999903,-15.2431328],[-46.932508,-15.250188],[-46.931201,-15.252856699999899],[-46.9276553,-15.255095299999899],[-46.9222321,-15.2507955],[-46.9128302,-15.2468547999999],[-46.9111832,-15.2449591],[-46.908589499999898,-15.238043],[-46.9063464,-15.2366187],[-46.8965281,-15.2350518],[-46.8914846,-15.2352595999999],[-46.8900267,-15.2378351999999],[-46.8892714,-15.2425228],[-46.889784,-15.2558516],[-46.888013199999897,-15.268247599999899],[-46.8908291,-15.2745757],[-46.891320699999902,-15.2781337],[-46.8893183,-15.2822469],[-46.877642,-15.282811099999901],[-46.8753369,-15.2839233],[-46.8578489,-15.3036562],[-46.8372327,-15.3213165],[-46.835675799999898,-15.3251276999999],[-46.8383664,-15.3314521999999],[-46.847957,-15.3467603999999],[-46.857218499999902,-15.3491835],[-46.860957799999902,-15.3509612999999],[-46.8678404,-15.3572925],[-46.8694803,-15.3614742],[-46.8686805,-15.3636069],[-46.8664233,-15.3651654],[-46.856346,-15.3664103999999],[-46.8507223,-15.3685212999999],[-46.8494315,-15.370806],[-46.8494784,-15.373164],[-46.866344399999903,-15.3860033],[-46.8709162,-15.3884451],[-46.8838732,-15.392342],[-46.885607999999898,-15.3935058],[-46.887092,-15.3964473],[-46.8906772,-15.4000076],[-46.8970206,-15.4022828],[-46.9119295,-15.4115454999999],[-46.9151246,-15.4148347999999],[-46.917861899999899,-15.4195012],[-46.9208389,-15.4273929],[-46.929313299999897,-15.4399397],[-46.9304693,-15.443088999999899],[-46.9332772,-15.4602267],[-46.9324305,-15.4831717],[-46.9343782,-15.492134599999901],[-46.9387209,-15.4995071],[-46.9442146,-15.5181868999999],[-46.948235699999898,-15.5461731],[-46.9490967,-15.5545973],[-46.948687999999898,-15.5578444],[-46.946115899999903,-15.5633338],[-46.942980299999903,-15.5669952],[-46.9336829,-15.5762915],[-46.9177476,-15.5900078],[-46.9035023,-15.591185699999899],[-46.8970606,-15.5931795999999],[-46.8945325,-15.5953868999999],[-46.8910413,-15.6003239],[-46.888818,-15.6056067],[-46.882576899999897,-15.6100842],[-46.874313899999898,-15.6139891],[-46.8548835,-15.6183005],[-46.854086299999899,-15.6206142],[-46.854452,-15.6281407],[-46.8570902,-15.636754199999899],[-46.8590129,-15.639635199999899],[-46.8574237999999,-15.6431666],[-46.854928,-15.644971],[-46.852951699999899,-15.6495401],[-46.852592899999898,-15.6530258999999],[-46.852491299999897,-15.671053899999899],[-46.8532436,-15.6760705],[-46.855702699999902,-15.6831245],[-46.8496685,-15.692587999999899],[-46.842453299999903,-15.714671],[-46.83945,-15.7181567],[-46.834724999999899,-15.7213045],[-46.8271475,-15.7299712],[-46.826978499999903,-15.735803099999901],[-46.8282004,-15.7435962],[-46.827470199999901,-15.7512492],[-46.820839,-15.7656641],[-46.8180675,-15.7757276],[-46.813149,-15.7872042999999],[-46.813680299999902,-15.7932673],[-46.814729,-15.795598499999899],[-46.816755199999903,-15.7992604],[-46.8223429,-15.8052139],[-46.8245079,-15.8123262],[-46.8210033,-15.8168952],[-46.8230667,-15.8208938],[-46.8232217,-15.8246331],[-46.8200037,-15.8307222],[-46.8168699,-15.8397158999999],[-46.8152588,-15.8424456],[-46.8129647,-15.8443333],[-46.805501799999902,-15.8593948],[-46.8050041,-15.865705799999899],[-46.806961199999897,-15.8743805],[-46.8068987,-15.879249],[-46.809563,-15.884283],[-46.8117212,-15.8860912],[-46.8143580999999,-15.8871836],[-46.8205725,-15.8853912],[-46.824868,-15.8857186],[-46.9843092,-15.9240313],[-47.0220964,-15.9287803],[-47.026027199999902,-15.9311092],[-47.0294064,-15.9319993],[-47.031289399999899,-15.9313104],[-47.0344975,-15.934651299999899],[-47.03723,-15.9340172],[-47.038320499999898,-15.935029299999901],[-47.0425873,-15.935645],[-47.0430438,-15.9349927],[-47.0441597,-15.9359193],[-47.0456306,-15.9354255],[-47.048166599999902,-15.936784999999899],[-47.052934299999897,-15.936468],[-47.0603838,-15.9400587],[-47.061227,-15.9419485999999],[-47.0620005,-15.9419425],[-47.0616138,-15.9426862],[-47.062716899999899,-15.9427959],[-47.0620829,-15.9433812],[-47.066260999999898,-15.9468133],[-47.0666795,-15.946228],[-47.0670789,-15.947654499999899],[-47.0692281,-15.949465],[-47.0699129,-15.951586399999901],[-47.0727785999999,-15.952348399999901],[-47.0768869,-15.958133299999901],[-47.081046,-15.9578101999999],[-47.0839941,-15.9600533999999],[-47.086729799999901,-15.9606295],[-47.087535,-15.9601173999999],[-47.088644499999901,-15.9611293],[-47.0906226,-15.960916],[-47.0930109,-15.957055599999901],[-47.0941768,-15.957682799999899],[-47.0959736,-15.9563381],[-47.0974825,-15.9575024],[-47.0992006,-15.9571184],[-47.0994923,-15.958075399999901],[-47.1013689,-15.9579960999999],[-47.1026686,-15.9588982999999],[-47.1045897,-15.9580571],[-47.1066882,-15.9582644],[-47.1079182,-15.9572037],[-47.107867499999898,-15.955887],[-47.1103464,-15.9564478],[-47.109845499999899,-15.9558534999999],[-47.1104986,-15.9543874999999],[-47.1112721,-15.9540613],[-47.112540099999897,-15.955216499999899],[-47.1124513,-15.9544271],[-47.114911199999902,-15.9536681],[-47.116302899999901,-15.950871699999899],[-47.1186898999999,-15.9509143],[-47.1187469,-15.951478199999899],[-47.1193714,-15.9504052999999],[-47.119672599999902,-15.9509965999999],[-47.1201925,-15.9487685999999],[-47.1213812,-15.9475523999999],[-47.1213622,-15.948344899999899],[-47.121977199999897,-15.9483083],[-47.122446399999902,-15.9472506],[-47.123223,-15.9474122],[-47.1228902,-15.9468727],[-47.1237968,-15.9469763],[-47.1233276,-15.9462417999999],[-47.1250046,-15.9460923999999],[-47.126015799999898,-15.9444434],[-47.1261775,-15.9452755],[-47.1270904,-15.9447451999999],[-47.1286628,-15.945193199999901],[-47.128060499999897,-15.945937],[-47.1290653,-15.9455346],[-47.1291763,-15.9477992999999],[-47.1301336,-15.947604199999899],[-47.130811999999899,-15.9486588],[-47.1318074,-15.9475189],[-47.1325429,-15.9485612999999],[-47.1349838,-15.9493843],[-47.135750899999898,-15.9461716],[-47.1347936,-15.9461595],[-47.1352057,-15.9442086999999],[-47.134114699999898,-15.9438776],[-47.1355214,-15.9416750999999],[-47.1343562,-15.9417531999999],[-47.134787199999899,-15.9404413],[-47.1325492,-15.9398803999999],[-47.133405099999898,-15.9395024],[-47.133328999999897,-15.9376614],[-47.1308880999999,-15.9370395],[-47.131870799999902,-15.9366188999999],[-47.1315792,-15.933979099999901],[-47.134223,-15.9327658999999],[-47.134825299999903,-15.933180499999899],[-47.1357446,-15.9313455],[-47.1363976,-15.9313880999999],[-47.1366068,-15.929784799999901],[-47.1353515,-15.9280777],[-47.1369574,-15.9280752],[-47.13694,-15.926696799999901],[-47.137936,-15.9271855],[-47.1391404,-15.9265583],[-47.1376349,-15.9283472],[-47.138626799999898,-15.9290202],[-47.1400437,-15.9284534999999],[-47.1403377,-15.9270367999999],[-47.1427805,-15.9263425],[-47.1427183,-15.9285242999999],[-47.1396364,-15.9301892],[-47.1410179,-15.9323855],[-47.1427537,-15.932828299999899],[-47.14286,-15.9357153999999],[-47.1465143,-15.9321707],[-47.1488466,-15.9352903],[-47.1517514,-15.9345994999999],[-47.152389,-15.9365655999999],[-47.151042899999901,-15.938301399999901],[-47.149626,-15.937734599999899],[-47.149409799999901,-15.9406943],[-47.1519461,-15.9388542],[-47.151716,-15.9403027999999],[-47.153097499999902,-15.9428356],[-47.155223,-15.9413655],[-47.1586768,-15.940550799999899],[-47.1606783,-15.9443588999999],[-47.1629454,-15.9429064999999],[-47.1624495,-15.9448725],[-47.1606282,-15.9455530999999],[-47.1611162,-15.9473196],[-47.1635567,-15.9469012],[-47.1644922,-15.9454808999999],[-47.1660204,-15.9469477],[-47.165555599999898,-15.9486211999999],[-47.167136099999901,-15.9486444],[-47.166648,-15.9509687],[-47.1717381,-15.9541297],[-47.171528899999899,-15.9565004],[-47.1684144,-15.955617199999899],[-47.1691814,-15.958383099999899],[-47.1712267999999,-15.9579879],[-47.1718078,-15.9596382],[-47.1729932,-15.9592895],[-47.1722727,-15.9601261999999],[-47.1706225,-15.9602424999999],[-47.170761899999903,-15.9614511],[-47.1720996,-15.9621013],[-47.1711551,-15.9631188],[-47.1690187,-15.962497],[-47.1675195,-15.9643164],[-47.169344099999897,-15.9637496],[-47.172203,-15.9658439],[-47.1709711,-15.9664715],[-47.167440199999902,-15.9650156],[-47.166744799999897,-15.965922099999901],[-47.167139899999903,-15.9666657999999],[-47.1682517,-15.9662855],[-47.1694371,-15.9669595999999],[-47.1696928,-15.9681682],[-47.167717099999898,-15.967192],[-47.1672988,-15.9683774],[-47.1702925,-15.969549899999899],[-47.1701724,-15.9708979],[-47.1720867,-15.9717011],[-47.1706457,-15.973676699999899],[-47.1725516,-15.9725377999999],[-47.173868,-15.9742429],[-47.176546099999896,-15.9738995],[-47.1764066,-15.9758750999999],[-47.1787674999999,-15.9776985],[-47.1796219,-15.9757291],[-47.1788736,-15.9750015],[-47.180854,-15.9713707],[-47.1819373,-15.970878],[-47.1830269,-15.973107],[-47.1845296,-15.9701929],[-47.1848749,-15.971716],[-47.1869867999999,-15.9711067],[-47.186905599999903,-15.9718581],[-47.185729799999898,-15.9721099],[-47.186034499999899,-15.972759799999899],[-47.187921,-15.9712489],[-47.1881241,-15.9737061],[-47.185603899999897,-15.9739243999999],[-47.186783799999901,-15.9743763],[-47.186600999999897,-15.9750058],[-47.183740699999902,-15.9743976],[-47.184671799999897,-15.9765288999999],[-47.183253299999897,-15.977567599999899],[-47.1848982,-15.9776082],[-47.183436099999902,-15.978928199999901],[-47.1842687,-15.979151499999899],[-47.185282099999903,-15.9780458],[-47.1864791,-15.9789048],[-47.1861948,-15.9801436],[-47.184355,-15.9807873],[-47.1853012999999,-15.9819712999999],[-47.1846495,-15.9835512],[-47.1869665,-15.9815651],[-47.187646899999898,-15.9832190999999],[-47.1893588,-15.9822991999999],[-47.1900899,-15.9830302999999],[-47.1892166,-15.9807355],[-47.1922059,-15.9802045],[-47.1915357,-15.9787626999999],[-47.192678999999899,-15.9779157999999],[-47.1949941,-15.9794795],[-47.193996,-15.9811893999999],[-47.194889499999903,-15.9819408],[-47.1936802,-15.9827409],[-47.194873899999898,-15.9839736],[-47.1936454,-15.9846656999999],[-47.1967476,-15.9842507],[-47.1960065,-15.985758599999899],[-47.1981347,-15.984723899999899],[-47.197813799999899,-15.9873476999999],[-47.2016214,-15.9858302],[-47.203455899999902,-15.9866079],[-47.203572199999897,-15.9882355999999],[-47.206379399999904,-15.988406199999901],[-47.2076584,-15.986941199999899],[-47.2086583,-15.9873365],[-47.208089899999898,-15.9888493],[-47.209159499999899,-15.9890121],[-47.209392099999903,-15.990291],[-47.2073457,-15.9900352],[-47.2082416,-15.991531899999901],[-47.206886499999897,-15.992118999999899],[-47.208305,-15.9926771],[-47.2090026,-15.9913051],[-47.209560699999898,-15.9926771],[-47.209281599999898,-15.993700299999899],[-47.208074399999902,-15.993604],[-47.2083095,-15.994800999999899],[-47.207077,-15.9956614],[-47.2071217,-15.9967068],[-47.2083651,-15.9969212],[-47.207653299999897,-15.9979534],[-47.208792699999897,-15.9986742999999],[-47.2094238,-15.997241599999899],[-47.2120236,-15.9990202],[-47.2107252,-16.003628799999898],[-47.212907399999899,-16.0046942],[-47.2165196,-16.0046508],[-47.2165231,-16.0068368999999],[-47.215351199999901,-16.0086631],[-47.216615299999901,-16.0092465],[-47.217276599999899,-16.014420299999902],[-47.220085599999898,-16.0150285],[-47.221845599999902,-16.0137521],[-47.2212423,-16.012759699999901],[-47.2217175,-16.0121546],[-47.2273116,-16.0159791],[-47.228894099999899,-16.0156863999999],[-47.229616899999897,-16.014660499999898],[-47.2280597,-16.013183599999898],[-47.229850999999897,-16.012922],[-47.2324523999999,-16.0142064],[-47.232085299999902,-16.0155536],[-47.233927299999898,-16.0162298],[-47.235606,-16.0148775],[-47.2362123,-16.016089899999901],[-47.236865099999903,-16.014411199999898],[-47.2385743,-16.0134796],[-47.240227699999899,-16.014691],[-47.241976399999899,-16.014737599999901],[-47.242838,-16.0167193999999],[-47.244773199999898,-16.017722],[-47.2462634,-16.016506499999899],[-47.247989,-16.0169162],[-47.2470551,-16.015743299999901],[-47.2485404,-16.0166942],[-47.2487709,-16.0158235],[-47.2510199,-16.0175366],[-47.2523722,-16.016968599999899],[-47.2540802,-16.0196235],[-47.256677399999901,-16.0172158],[-47.2593163,-16.018608399999898],[-47.2621009,-16.0169655],[-47.2625439,-16.0151935],[-47.2610486,-16.0153101],[-47.261787599999899,-16.0140479],[-47.2649261,-16.014083399999901],[-47.2653225,-16.0132441],[-47.2657655,-16.0148062],[-47.2678405999999,-16.0150161],[-47.267452499999898,-16.013535],[-47.2662958,-16.012763499999899],[-47.2666333,-16.0122526],[-47.2700912,-16.0122284],[-47.270685199999903,-16.014264],[-47.271404,-16.014494],[-47.2748405,-16.0126703],[-47.2795308,-16.0123601],[-47.276509099999899,-16.0093563],[-47.2762921,-16.0079056],[-47.277396199999899,-16.0068697],[-47.2783845,-16.0089396999999],[-47.282133299999899,-16.0092653],[-47.282176799999903,-16.0123561],[-47.2843736,-16.0123785],[-47.284601699999897,-16.0111203],[-47.286945499999902,-16.0092875],[-47.2887764,-16.011543099999901],[-47.289963499999899,-16.011719399999901],[-47.289940199999897,-16.013025099999901],[-47.2887519,-16.0140814],[-47.2896095,-16.016198099999901],[-47.2903702999999,-16.014586199999901],[-47.292537799999899,-16.0147072],[-47.2948726,-16.0159168],[-47.2967715999999,-16.0153306999999],[-47.2962219,-16.0185015],[-47.3003674,-16.017245699999901],[-47.3007929,-16.0192599],[-47.2991908,-16.020321399999901],[-47.300149599999898,-16.021113],[-47.299924,-16.0229343],[-47.3008406,-16.024928499999898],[-47.2994044,-16.0261912],[-47.300589499999901,-16.0262289],[-47.300930799999897,-16.027228599999901],[-47.304560799999898,-16.026984599999899],[-47.306677099999902,-16.030648499999899],[-47.3087624,-16.0295191],[-47.310709599999903,-16.030836399999899],[-47.311126699999903,-16.0331502999999],[-47.3098049,-16.0349082],[-47.3100062,-16.036273499999901],[-47.3119341,-16.035513599999899],[-47.3169329,-16.036191599999899],[-47.3224688,-16.026514],[-47.3254061,-16.027100699999899],[-47.3256782,-16.0296187],[-47.3314465,-16.0223377],[-47.3331846,-16.0221387],[-47.3352783,-16.020495299999901],[-47.337363599999897,-16.0174428],[-47.338228,-16.018685999999899],[-47.3406074,-16.0194362],[-47.341057,-16.0180162],[-47.3396945,-16.016873299999901],[-47.3410309,-16.016341699999899],[-47.3411624,-16.0153387],[-47.3387413,-16.0150363999999],[-47.338423099999901,-16.013449799999901],[-47.3392608,-16.0122731],[-47.341535399999898,-16.0125656],[-47.3456250999999,-16.0115944],[-47.3463985,-16.0107444],[-47.346317,-16.0089621999999],[-47.3482452,-16.0088284],[-47.347934,-16.0072039],[-47.3485985,-16.0062169],[-47.3494525,-16.0072531],[-47.3513088,-16.0065653999999],[-47.3543165,-16.0072043],[-47.355467599999898,-16.0084456],[-47.3584408,-16.0085753],[-47.3604434,-16.008048299999899],[-47.3592447,-16.0056925],[-47.361599,-16.006835899999899],[-47.365352599999902,-16.0043077999999],[-47.365111,-16.001156],[-47.366714,-16.0011426],[-47.369054199999901,-16.0032595],[-47.370182199999903,-16.001220499999899],[-47.3702564,-15.9948292999999],[-47.3730323,-15.9946027999999],[-47.375594099999901,-15.9878342],[-47.3751996,-15.9859756],[-47.376393999999898,-15.986939199999901],[-47.377154699999899,-15.9866145],[-47.375647399999899,-15.9843627999999],[-47.3765253,-15.9821006],[-47.373873499999902,-15.9812385999999],[-47.3735273,-15.980060799999899],[-47.3743057,-15.979493499999901],[-47.375428999999897,-15.9806108],[-47.3760854,-15.9784688],[-47.37907,-15.977816],[-47.377712,-15.9750637999999],[-47.3780806,-15.9738833],[-47.3790226,-15.9742181],[-47.3790225,-15.9733467999999],[-47.3772291,-15.9723513],[-47.3768238,-15.9711867],[-47.3787928,-15.970035],[-47.3790663999999,-15.968608],[-47.378664699999902,-15.9681125999999],[-47.376249,-15.9688884],[-47.375348099999897,-15.9665788],[-47.3786171,-15.9623013],[-47.373246799999897,-15.9601635],[-47.373075899999897,-15.958815199999901],[-47.373593399999898,-15.958125],[-47.374419799999899,-15.9585142],[-47.375075,-15.956578599999901],[-47.371884099999903,-15.9558620999999],[-47.372430699999903,-15.9536204999999],[-47.370523799999901,-15.9509322],[-47.3714376,-15.946749],[-47.3705904,-15.945878299999899],[-47.370477799999897,-15.9472024999999],[-47.368474499999898,-15.9470701],[-47.369893499999897,-15.9452861],[-47.369847499999899,-15.9431058],[-47.370736399999899,-15.9429613],[-47.3704192,-15.9417493999999],[-47.369163,-15.9410404999999],[-47.3725893,-15.9405748999999],[-47.369969099999899,-15.9362583999999],[-47.371212699999901,-15.936162099999899],[-47.3730399,-15.9387232],[-47.3734837,-15.936789099999899],[-47.3720461999999,-15.9353111999999],[-47.369019799999897,-15.9352471999999],[-47.3681056,-15.9331051],[-47.365142999999897,-15.9335222],[-47.3658996999999,-15.9306973999999],[-47.3625256999999,-15.9318107],[-47.364452099999902,-15.9299602],[-47.3620936,-15.929201599999899],[-47.3627471,-15.9281353],[-47.3615844,-15.9269145],[-47.3625642,-15.9269616],[-47.362701399999899,-15.9258968999999],[-47.361568,-15.9262926],[-47.3612001,-15.9257186],[-47.3623466,-15.9243035],[-47.3619514,-15.921950099999901],[-47.3640372999999,-15.9197432],[-47.3647712,-15.9194262999999],[-47.3663821,-15.9211367],[-47.3690839,-15.9205564],[-47.3673663,-15.9200546],[-47.3691977,-15.9185322],[-47.368249999999897,-15.9176985999999],[-47.369283499999902,-15.9175726999999],[-47.3680752,-15.916562],[-47.3678105,-15.9146014],[-47.3662982,-15.9126421],[-47.3678525,-15.9124164999999],[-47.368294299999903,-15.9107817],[-47.3669762,-15.911581199999899],[-47.365523499999902,-15.9094643],[-47.367339399999899,-15.908064],[-47.370937899999902,-15.9078618],[-47.372327,-15.9064681999999],[-47.374881899999899,-15.9069195],[-47.3724175,-15.9000255999999],[-47.373571899999902,-15.899361699999901],[-47.3755027999999,-15.8998402999999],[-47.375726299999897,-15.8982316],[-47.374737,-15.896964599999899],[-47.377472899999901,-15.8961849],[-47.3757145,-15.895165899999901],[-47.3765548,-15.8936844999999],[-47.3757916,-15.8926911],[-47.3766952,-15.891279699999901],[-47.3780409,-15.8915464],[-47.3770127,-15.8880775],[-47.3776344999999,-15.887304599999901],[-47.3783296,-15.888206899999901],[-47.378993,-15.8865324999999],[-47.3780378,-15.885694],[-47.3788324,-15.8842243],[-47.3769533,-15.8829967999999],[-47.3807006,-15.8812467],[-47.3797273,-15.880470699999901],[-47.378502399999903,-15.8811744],[-47.3776521,-15.8806648],[-47.376832799999903,-15.8815180999999],[-47.374940799999898,-15.8793868],[-47.3755901,-15.8789398],[-47.374518899999899,-15.878519099999901],[-47.3749599,-15.8777696],[-47.373526599999899,-15.877182999999899],[-47.3737288,-15.8758033],[-47.3719887,-15.874079499999899],[-47.374005699999898,-15.8729925],[-47.371910899999897,-15.8725382],[-47.3715536,-15.8708404],[-47.3726741,-15.8706993],[-47.3733156,-15.8692689],[-47.3713149,-15.8683101999999],[-47.3708358,-15.86498],[-47.3735144,-15.8654002],[-47.3744354,-15.8642553],[-47.3698214,-15.861383799999899],[-47.3707011,-15.8600969],[-47.3693944,-15.857537299999899],[-47.3696452,-15.855412],[-47.370826,-15.854825499999899],[-47.368076099999897,-15.8532481],[-47.3679099,-15.8520434],[-47.3693474,-15.8499264],[-47.368713699999901,-15.8488644999999],[-47.3705715,-15.8489781],[-47.3712702,-15.848027499999899],[-47.3704642,-15.847204799999901],[-47.3688581,-15.8473314999999],[-47.3690344,-15.8462132],[-47.370815299999897,-15.8457637],[-47.3695594,-15.8449790999999],[-47.368271999999898,-15.8424084],[-47.368672199999899,-15.8416400999999],[-47.3703313,-15.8413646999999],[-47.3679918999999,-15.8401383],[-47.367977799999899,-15.8380127999999],[-47.3674207,-15.8390137],[-47.3669528,-15.838720599999901],[-47.3669005,-15.8373796],[-47.367814199999899,-15.837425199999901],[-47.368099,-15.8356434999999],[-47.3670586,-15.8355397999999],[-47.3660078,-15.8375255999999],[-47.365378399999898,-15.8351653],[-47.366285699999899,-15.8346412],[-47.364852599999899,-15.8340332],[-47.366544099999899,-15.8335130999999],[-47.365647,-15.8329954],[-47.3665713,-15.831866799999901],[-47.3658508,-15.8319546],[-47.365904199999903,-15.830455],[-47.367380599999898,-15.828462199999899],[-47.3661622,-15.8273323999999],[-47.3642149,-15.827925299999899],[-47.3623191,-15.8274063],[-47.3630044,-15.8248227999999],[-47.3603752,-15.8237467],[-47.360788699999901,-15.8214604],[-47.3598673,-15.821634],[-47.3587845,-15.8228822],[-47.3594888,-15.8232967],[-47.358477299999898,-15.823967],[-47.3572419,-15.8241237],[-47.3570172,-15.8235326999999],[-47.358038899999897,-15.8220805],[-47.3554055,-15.8234497],[-47.354578499999903,-15.8214644999999],[-47.3562879,-15.8205750999999],[-47.3569553,-15.8197013],[-47.3548737,-15.8204206999999],[-47.3561415,-15.818811799999899],[-47.355132,-15.8170564],[-47.3529846,-15.8181599],[-47.353024699999899,-15.816965799999901],[-47.3551936,-15.8160364999999],[-47.354361299999901,-15.8140643999999],[-47.3528188,-15.8151051999999],[-47.352172499999902,-15.8146305999999],[-47.3530292,-15.8137444],[-47.351777599999899,-15.8112667],[-47.351022199999903,-15.8115238999999],[-47.351126099999902,-15.810669599999899],[-47.3500592,-15.8102266],[-47.350279999999898,-15.8078272999999],[-47.348533,-15.8082368],[-47.3485350999999,-15.8068145999999],[-47.3493892,-15.8062260999999],[-47.3480835,-15.8059263],[-47.349423,-15.8055039],[-47.3496696999999,-15.803930099999899],[-47.348678499999899,-15.8034241],[-47.347855599999903,-15.8039684999999],[-47.3475475,-15.8028545],[-47.3467764,-15.8040384],[-47.34556,-15.8029888999999],[-47.3460319,-15.8011923],[-47.345562899999898,-15.8006902],[-47.3451319,-15.8018241],[-47.344683,-15.8001156],[-47.3460047,-15.7979860999999],[-47.3448668,-15.7987095],[-47.3451525,-15.7972503],[-47.3441159,-15.7960019],[-47.3419785,-15.7981078],[-47.342414899999902,-15.7949315999999],[-47.3413664999999,-15.7941503],[-47.341304299999898,-15.7955052],[-47.340640199999903,-15.7943177999999],[-47.3402622999999,-15.795056299999899],[-47.3394977,-15.7949824],[-47.3400372,-15.7945844999999],[-47.339261,-15.7930031],[-47.339972499999902,-15.7926509],[-47.3388834,-15.7912448],[-47.339990499999899,-15.7905632],[-47.3387589,-15.7907208],[-47.3390396,-15.7882395],[-47.3374732999999,-15.7868647],[-47.3376446,-15.785014299999901],[-47.3368621,-15.78623],[-47.336720699999901,-15.7847699],[-47.335300699999898,-15.785352],[-47.336009299999901,-15.7841162999999],[-47.3355415,-15.783610199999901],[-47.336734,-15.782575699999899],[-47.336272,-15.781465099999901],[-47.3345762,-15.7820187],[-47.3337175999999,-15.7810847],[-47.3330093,-15.7815727999999],[-47.3316376,-15.7793659],[-47.3308693,-15.7800238],[-47.331140499999897,-15.7754156999999],[-47.3304016,-15.775120699999899],[-47.3314554,-15.7737091],[-47.329146799999897,-15.774102],[-47.329467599999901,-15.7725447],[-47.328793699999899,-15.773503499999901],[-47.3285519,-15.7722717],[-47.3274445,-15.7721356],[-47.328938,-15.7702384999999],[-47.328328199999902,-15.7696688],[-47.3298422,-15.7691121],[-47.3293379,-15.7669412999999],[-47.3278467,-15.7677601999999],[-47.3285519,-15.7658226999999],[-47.3265234,-15.7663001],[-47.327298799999902,-15.7653558],[-47.3264285,-15.7652138],[-47.3269874,-15.7642324],[-47.325686399999903,-15.763081199999901],[-47.3259497,-15.7610215],[-47.3243366,-15.7619425],[-47.3239482,-15.760841399999901],[-47.3246,-15.759895599999901],[-47.323720299999898,-15.758039799999899],[-47.322877199999901,-15.7585632],[-47.321060499999902,-15.7567432],[-47.3226046999999,-15.7544612],[-47.3203589,-15.7554314],[-47.319449399999897,-15.7547309],[-47.3199923,-15.753144599999899],[-47.319037299999898,-15.7519073],[-47.3184347,-15.7522552],[-47.3185819,-15.7509463],[-47.317916099999898,-15.7505125],[-47.3190392,-15.749712299999899],[-47.3171604999999,-15.7484377],[-47.316465,-15.7459684],[-47.3161805,-15.7477423],[-47.3145225,-15.7479298],[-47.3148972,-15.7464184],[-47.3142218999999,-15.7464383],[-47.3144328,-15.7453004999999],[-47.313690999999899,-15.7448666],[-47.3153171,-15.7428004999999],[-47.3130451,-15.742092],[-47.3141535,-15.741582],[-47.313531,-15.7403413],[-47.3149731,-15.740023399999901],[-47.314144199999902,-15.739780199999901],[-47.314564699999899,-15.7389426999999],[-47.313671199999902,-15.7381114],[-47.3155092,-15.7371439],[-47.315620099999897,-15.7362974],[-47.31732,-15.736738],[-47.316713499999899,-15.7355372],[-47.3174979,-15.735947699999899],[-47.3177764,-15.7341668],[-47.3192261,-15.7355264],[-47.3192228999999,-15.732181],[-47.3181180999999,-15.7329179],[-47.3184413,-15.7318271],[-47.3170274,-15.731275599999901],[-47.3178904,-15.7310595],[-47.3178005,-15.7287521],[-47.3188228,-15.7283078999999],[-47.3179752,-15.7275764],[-47.319469399999903,-15.7265821],[-47.3180561,-15.7249777],[-47.3188906,-15.7236814],[-47.320745499999902,-15.7230306],[-47.321016799999903,-15.7212617],[-47.320232299999901,-15.720449599999901],[-47.3208384,-15.7186202999999],[-47.3194735,-15.7192264],[-47.3197048,-15.7178246999999],[-47.318803499999902,-15.7181188],[-47.3185223999999,-15.7170012],[-47.3159931,-15.7163292],[-47.3152244,-15.7153756],[-47.3159315,-15.712977],[-47.3150097,-15.7128228999999],[-47.3150851,-15.7118672],[-47.313819899999899,-15.7110034],[-47.3155189,-15.7100292],[-47.3145775,-15.709119],[-47.3139052,-15.709447699999901],[-47.3141356,-15.707854],[-47.3129886,-15.707035],[-47.314599299999898,-15.70613],[-47.3133124,-15.706261099999899],[-47.314810099999903,-15.704875699999899],[-47.313819599999903,-15.7047966],[-47.3142887,-15.7041369],[-47.3134727,-15.7035432],[-47.3143774,-15.7034684],[-47.3135004,-15.7015749],[-47.3142654,-15.700566799999899],[-47.3130217,-15.6999182],[-47.313769299999898,-15.6983370999999],[-47.3124895999999,-15.697287099999899],[-47.312855699999901,-15.6960415999999],[-47.313809299999903,-15.6960549],[-47.313496799999903,-15.6949157],[-47.314805,-15.694421799999899],[-47.3160589,-15.6950562],[-47.315825,-15.6943552],[-47.317530599999898,-15.6932504],[-47.316746,-15.6920185],[-47.318398499999901,-15.692272699999901],[-47.3177578,-15.6903381],[-47.3184378,-15.690271],[-47.3184118,-15.6892318],[-47.319718599999902,-15.6890417],[-47.319419099999898,-15.6882767],[-47.3203655,-15.6879316],[-47.320291499999897,-15.687208199999899],[-47.3209623,-15.6877299],[-47.3213276,-15.6868658999999],[-47.3216664,-15.689151099999901],[-47.3277112,-15.6884095],[-47.3281031,-15.6889176999999],[-47.329755599999899,-15.6879428],[-47.3276288,-15.6873002],[-47.3283316,-15.6860561],[-47.3280727,-15.6834029],[-47.3291105,-15.6833670999999],[-47.32916,-15.6847837999999],[-47.329693,-15.6836107],[-47.331472,-15.6835045],[-47.3318131999999,-15.6804154],[-47.330784299999898,-15.679682],[-47.3303826,-15.6805482],[-47.3289655,-15.6799548],[-47.329002499999902,-15.6790002],[-47.327866399999898,-15.6786102999999],[-47.32852,-15.6786746],[-47.3291306,-15.6770736],[-47.3278723,-15.6775517999999],[-47.328177599999897,-15.675829599999901],[-47.3271941,-15.675341],[-47.3277118,-15.6726237],[-47.3267996,-15.6718503],[-47.3277087,-15.6709078],[-47.3260548,-15.6694130999999],[-47.328663999999897,-15.6668400999999],[-47.3276301,-15.6656551999999],[-47.3265089,-15.6656393],[-47.3268753,-15.6649009],[-47.3280946,-15.6652766999999],[-47.3275272,-15.6641498],[-47.328657899999897,-15.6636141999999],[-47.327014399999896,-15.6633808],[-47.3267528,-15.661432],[-47.3273940999999,-15.660857],[-47.328621499999898,-15.6612822],[-47.327786499999903,-15.6590768],[-47.3297729,-15.6579376],[-47.3296189,-15.6574168999999],[-47.328083999999897,-15.657806],[-47.3292474,-15.6569818999999],[-47.3281976,-15.6561396],[-47.329153,-15.656396399999901],[-47.329586499999898,-15.6557326],[-47.32731,-15.6546286],[-47.3266032,-15.652618],[-47.3291927,-15.650695599999899],[-47.3277982,-15.6504821],[-47.328550499999899,-15.6494245],[-47.327001799999898,-15.6491912],[-47.327277,-15.6471832],[-47.329098299999899,-15.645534699999899],[-47.3303989,-15.6460208999999],[-47.331018399999898,-15.6452411],[-47.330858099999901,-15.6444668999999],[-47.3304785999999,-15.645226099999901],[-47.3294038,-15.644293],[-47.3300657999999,-15.641205699999899],[-47.3295074,-15.6397248],[-47.3313357,-15.6380503999999],[-47.330809,-15.6371617],[-47.3316113,-15.6367303],[-47.3307057,-15.6358013],[-47.3332209,-15.6328315],[-47.3329009,-15.6314348],[-47.333753499999901,-15.6314353],[-47.333242599999899,-15.630973],[-47.333929399999903,-15.6295828999999],[-47.3319763,-15.628511999999899],[-47.3326283,-15.6279478],[-47.331492,-15.6272357999999],[-47.3322194,-15.6268752],[-47.331071699999903,-15.626364599999899],[-47.3314164,-15.625758],[-47.3300851,-15.6236484],[-47.3310925,-15.6224361],[-47.330135599999899,-15.620223],[-47.328385399999902,-15.6194737],[-47.3291366999999,-15.6181622999999],[-47.3282995,-15.6178173],[-47.329029999999896,-15.6168931999999],[-47.3288679,-15.6153831],[-47.3282172,-15.6157061],[-47.328095399999903,-15.6128092],[-47.3259444,-15.611168],[-47.3262417,-15.6103191999999],[-47.3252146,-15.6101325],[-47.3256345,-15.6093384],[-47.324762,-15.608186799999901],[-47.325306699999899,-15.6072965],[-47.3233544,-15.605540099999899],[-47.3236062,-15.603895],[-47.322739199999901,-15.6033034],[-47.323517799999898,-15.6010041],[-47.3229732,-15.6010749],[-47.322239099999898,-15.5980489],[-47.321675099999901,-15.598788399999901],[-47.3200313,-15.5975888999999],[-47.3179403,-15.5979027],[-47.317935,-15.5971855],[-47.3159747999999,-15.5971157999999],[-47.316415,-15.5953061],[-47.315564299999899,-15.5949183999999],[-47.3172274,-15.5936027],[-47.316621499999897,-15.5924426999999],[-47.317000199999903,-15.5907222],[-47.3208407,-15.5865891],[-47.3234411,-15.5864884],[-47.323507999999897,-15.5875457],[-47.324777299999901,-15.5880200999999],[-47.3242069,-15.5886078999999],[-47.324660299999898,-15.5893078],[-47.325011699999898,-15.5885615],[-47.3274931,-15.589727799999901],[-47.3298055,-15.586405699999901],[-47.3319494,-15.5875674],[-47.334538,-15.5877523],[-47.3366609,-15.5855723],[-47.3418826,-15.583363],[-47.3471881,-15.579354],[-47.3492808,-15.5797056],[-47.3497091999999,-15.5807409],[-47.355052999999899,-15.5791298999999],[-47.3578199,-15.5804888],[-47.3593005,-15.5803663],[-47.359481,-15.5796081999999],[-47.361478299999902,-15.5801349],[-47.362102999999898,-15.5779051],[-47.3640635,-15.5783132],[-47.364176799999903,-15.577666],[-47.365068,-15.5785695],[-47.365732799999897,-15.5780384999999],[-47.3683027,-15.5792668],[-47.371210699999899,-15.5777257999999],[-47.3765167,-15.5766676],[-47.3779810999999,-15.5758721],[-47.3781739,-15.5743297],[-47.3792683,-15.5736186999999],[-47.3793843999999,-15.569262799999899],[-47.380384999999897,-15.569258499999901],[-47.380617899999898,-15.5668999],[-47.3845894,-15.5675732999999],[-47.3854001,-15.566434399999901],[-47.3887207,-15.567562],[-47.3897658,-15.5671882999999],[-47.3903289,-15.564949899999901],[-47.391316399999901,-15.5644341999999],[-47.3914457,-15.5626359],[-47.393189199999902,-15.5622177],[-47.3939531,-15.5609871],[-47.3941832,-15.558072],[-47.396137199999899,-15.5586208],[-47.399467,-15.5572493],[-47.3986166,-15.5532656],[-47.399044699999898,-15.5514532],[-47.3994961,-15.5506142999999],[-47.400662,-15.551571099999901],[-47.4021425,-15.5503363],[-47.4027651,-15.5474563999999],[-47.406588499999899,-15.5469687],[-47.4092395,-15.5483687],[-47.411173899999902,-15.5472619],[-47.414024599999898,-15.5485451],[-47.4158239,-15.5465343],[-47.4177867,-15.546259],[-47.4184069,-15.5456571],[-47.4184069,-15.5018198999999],[-48.200009,-15.502278299999899],[-48.199729799999901,-15.622914],[-48.2014105,-15.6229536],[-48.203634899999898,-15.6243178],[-48.2112988,-15.6225191],[-48.2182154,-15.6233359],[-48.220865699999898,-15.6277066],[-48.2258793,-15.630400199999899],[-48.226982899999904,-15.6332156],[-48.228903199999898,-15.6343537999999],[-48.229520099999903,-15.6374645999999],[-48.2341602,-15.6419091],[-48.2364932,-15.6509371999999],[-48.234051599999901,-15.6571587],[-48.2352246,-15.6613209],[-48.234616399999901,-15.666869],[-48.2372927,-15.6729991999999],[-48.2389805,-15.6793944999999],[-48.2396279,-15.6795205],[-48.2395584,-15.6822619],[-48.241331,-15.6867065],[-48.240664099999897,-15.6924457],[-48.241474299999901,-15.6938251],[-48.2391456,-15.6970358],[-48.240333899999897,-15.7029727],[-48.241433099999902,-15.704628],[-48.2405772,-15.7063615],[-48.2376815,-15.7085121],[-48.2372492,-15.7078278],[-48.2362608,-15.7088032],[-48.234968299999899,-15.708199299999899],[-48.231530899999903,-15.7097408],[-48.231487399999899,-15.709197699999899],[-48.2305327,-15.709806],[-48.228709099999897,-15.709378],[-48.2275099,-15.7083484],[-48.2252725,-15.7097343],[-48.223956,-15.7095126999999],[-48.222665699999901,-15.708092],[-48.2213406,-15.7089956999999],[-48.2188077,-15.708974],[-48.2180691,-15.7099863],[-48.212288699999903,-15.7121447],[-48.2088841,-15.7153612],[-48.2079443,-15.7193506999999],[-48.2079954,-15.740932],[-48.209686299999902,-15.754044],[-48.2115113,-15.7588860999999],[-48.215988599999903,-15.7662819],[-48.231891399999903,-15.7784392],[-48.233061,-15.7812066],[-48.232248,-15.7837489],[-48.2328658,-15.7844835999999],[-48.236565299999903,-15.7847962],[-48.2375555,-15.7856077],[-48.2378540999999,-15.7868968],[-48.2368169,-15.7892171999999],[-48.238990199999897,-15.7932883999999],[-48.240358,-15.793995299999899],[-48.2409334,-15.7926945999999],[-48.240339999999897,-15.7980815999999],[-48.241036199999897,-15.7992563],[-48.242293399999902,-15.7994644999999],[-48.2429068,-15.7973120999999],[-48.2447076999999,-15.7969337],[-48.245416599999899,-15.7976975999999],[-48.2462138,-15.797045099999901],[-48.246809,-15.7979485999999],[-48.2459587,-15.798966199999899],[-48.2462143,-15.8001527],[-48.2470278,-15.80027],[-48.2473534,-15.7986830999999],[-48.2488028,-15.7987204999999],[-48.2489969,-15.7997043999999],[-48.2480201,-15.8008644],[-48.248559999999898,-15.8023767999999],[-48.2493736,-15.8021588],[-48.2490311,-15.800704499999901],[-48.250348899999899,-15.802118],[-48.2566151,-15.8018137],[-48.257554399999897,-15.8030835],[-48.259111399999902,-15.8029539],[-48.2587791999999,-15.804016299999899],[-48.2609973,-15.8052216],[-48.2611926,-15.806498099999899],[-48.2621288,-15.8059157],[-48.264046699999902,-15.8066026],[-48.2646495,-15.808979599999899],[-48.266713799999899,-15.806862599999899],[-48.266150799999899,-15.8089773999999],[-48.2667104,-15.8094848],[-48.267083899999903,-15.808263],[-48.267983,-15.8085735],[-48.268144199999902,-15.8128808],[-48.2696801,-15.8119103],[-48.2698877,-15.813505399999899],[-48.271130899999903,-15.8128187],[-48.271727999999896,-15.8154650999999],[-48.2752525,-15.8170327999999],[-48.2785358,-15.822285099999901],[-48.280657,-15.8239459],[-48.280700099999898,-15.825912399999901],[-48.2815709,-15.8271035999999],[-48.2808823,-15.8281206999999],[-48.2823094,-15.8330558],[-48.285121499999903,-15.8367742],[-48.2851077,-15.8405243],[-48.2833456,-15.8420962],[-48.2853751,-15.8429535],[-48.285806799999897,-15.844533899999901],[-48.284823199999899,-15.845052699999901],[-48.2852904,-15.8464625],[-48.2844171,-15.8469256],[-48.2841053,-15.849864899999901],[-48.2823577999999,-15.853191099999901],[-48.284035399999901,-15.8532293],[-48.284252,-15.853929],[-48.2823645,-15.8548516],[-48.2834271,-15.8560950999999],[-48.2817257,-15.8558871999999],[-48.2815765,-15.8575119],[-48.2805342999999,-15.8570046999999],[-48.2803233,-15.858282899999899],[-48.2815439,-15.858535199999899],[-48.2806887,-15.8613832],[-48.2791581,-15.8601452999999],[-48.2789313,-15.8618468],[-48.2801962,-15.8627609],[-48.2790811,-15.863395],[-48.279246699999902,-15.8646891],[-48.2804633,-15.8669384999999],[-48.2791392,-15.867221099999901],[-48.280325699999899,-15.8690796],[-48.2780634,-15.8685594999999],[-48.27593,-15.8699928999999],[-48.277016699999898,-15.871572],[-48.2783724,-15.871658],[-48.2770823,-15.8758791],[-48.274913399999903,-15.8764143],[-48.275740799999902,-15.8778606],[-48.2756365,-15.8802785],[-48.2750422,-15.8806708],[-48.2750353,-15.8791492999999],[-48.274040199999902,-15.879038799999901],[-48.2733964,-15.8820618],[-48.2716483,-15.883714999999899],[-48.2738451,-15.8876984999999],[-48.2736914,-15.8902335],[-48.275234,-15.890526],[-48.276424,-15.8924724],[-48.2755025,-15.8937625],[-48.2735494,-15.8942829],[-48.272863899999898,-15.895545899999901],[-48.2754692,-15.8956689],[-48.275934999999897,-15.8967992999999],[-48.274128,-15.897603499999899],[-48.273713299999898,-15.899078],[-48.2745153,-15.8999974999999],[-48.2758087,-15.899224],[-48.2765702,-15.8999396],[-48.2757662,-15.9016624],[-48.2763474,-15.9029813],[-48.2741571,-15.9034526],[-48.2745939,-15.9052624999999],[-48.276262599999903,-15.906004],[-48.2771091,-15.9074416],[-48.2749726,-15.9075774],[-48.274475799999898,-15.909592799999899],[-48.2723134,-15.91076],[-48.2700654,-15.9104831],[-48.269639,-15.9117148],[-48.270529399999901,-15.9121992],[-48.2693196,-15.9131325],[-48.2707904,-15.916043199999899],[-48.2700847,-15.9162944],[-48.2703395,-15.9170554],[-48.269529799999901,-15.9170073],[-48.2710438,-15.9175622],[-48.2701322,-15.919529699999901],[-48.2731309,-15.9200046999999],[-48.271606,-15.9211723],[-48.272093799999901,-15.922188],[-48.272778899999899,-15.9216812],[-48.274282,-15.9230787999999],[-48.2752831,-15.9219489],[-48.2762362,-15.9227728],[-48.2753155,-15.9234268],[-48.276917399999903,-15.9239795999999],[-48.2752593,-15.9245483],[-48.275988,-15.9249052],[-48.2757267,-15.9258138],[-48.276780899999899,-15.9256621],[-48.2769455,-15.9266934],[-48.2746437,-15.9277327999999],[-48.276364199999897,-15.9312376],[-48.269787699999902,-15.9316982999999],[-48.2681865,-15.933184099999901],[-48.2649158,-15.931431],[-48.2641987,-15.928461599999901],[-48.2608587,-15.9280342],[-48.2611659,-15.9290146],[-48.2587351,-15.9296878],[-48.2584012,-15.931910899999901],[-48.2558476,-15.9321906],[-48.254628899999901,-15.9367885999999],[-48.2522106,-15.9359411],[-48.2513341,-15.9378197999999],[-48.252695199999899,-15.9400914999999],[-48.252221,-15.9413723],[-48.2528973,-15.9442586],[-48.2520732999999,-15.944923],[-48.250893699999899,-15.943838099999899],[-48.2501855,-15.9475962],[-48.2511271,-15.9480144999999],[-48.2535042,-15.9466368999999],[-48.253438399999901,-15.9485223999999],[-48.2524081,-15.9483423],[-48.2520549,-15.9491063999999],[-48.2513944,-15.955654],[-48.2532691,-15.9557872],[-48.2545584,-15.9572127],[-48.254417299999901,-15.95888],[-48.2563696,-15.9599064],[-48.2552668,-15.9605698999999],[-48.255156199999902,-15.9621286999999],[-48.2576961,-15.9613874],[-48.2559884,-15.9632146],[-48.257381,-15.963524],[-48.2577428,-15.9649292999999],[-48.2602699,-15.9668677999999],[-48.260563299999902,-15.9688818],[-48.2579612,-15.972819399999899],[-48.259723999999899,-15.9743084999999],[-48.2590967,-15.9764675],[-48.2579305,-15.976346099999899],[-48.260671,-15.979119],[-48.2599458,-15.9802187999999],[-48.2586956,-15.9803244],[-48.259114699999898,-15.9823107],[-48.258098699999898,-15.9832918999999],[-48.2617698,-15.985481799999899],[-48.262868,-15.9888978999999],[-48.2616179,-15.9897025],[-48.2639204,-15.9924996999999],[-48.2625851,-15.9948974],[-48.2654074,-15.9966118999999],[-48.2662799,-16.001279699999898],[-48.2677206,-16.0011276],[-48.268790099999897,-16.002325799999898],[-48.2711781,-16.0080697],[-48.272426499999902,-16.008962699999898],[-48.2713807,-16.0096124],[-48.2723549,-16.013510199999899],[-48.2711638,-16.014623],[-48.271711799999899,-16.0153361],[-48.2701418,-16.0166125],[-48.27066,-16.0197787],[-48.269883499999899,-16.0222085999999],[-48.2725564,-16.0241591],[-48.2712437,-16.0250722],[-48.272194699999901,-16.0256709],[-48.2713666,-16.027166399999899],[-48.2722241,-16.027583799999899],[-48.2729849,-16.030567699999899],[-48.2718512,-16.031729799999901],[-48.2742102,-16.0344724999999],[-48.273372499999901,-16.035594],[-48.2754441,-16.0364498],[-48.277171,-16.0392808],[-48.2769372,-16.0411275],[-48.278574999999897,-16.0414979],[-48.2774419,-16.0440454],[-48.2786874,-16.044707699999901],[-48.277715999999899,-16.0470501],[-48.2778112,-16.0495978],[-47.308504099999901,-16.049971399999901],[-47.307686499999903,-16.0565002],[-47.3050489,-16.0588756],[-47.3047969,-16.060962399999902],[-47.3075989,-16.0636407],[-47.315375699999898,-16.0663642],[-47.315760399999903,-16.0673285],[-47.3129959,-16.0688428999999],[-47.3115561,-16.068417199999899],[-47.3082236,-16.0748166999999],[-47.308206299999902,-16.0788367],[-47.313539999999897,-16.0789344999999],[-47.316096699999903,-16.0800442],[-47.3136185,-16.0819124],[-47.3107019,-16.0822712],[-47.3131586,-16.085607799999899],[-47.3112654,-16.086565999999898],[-47.3113446,-16.0881327],[-47.3222327,-16.0908717],[-47.3226256,-16.089518499999901],[-47.3212507,-16.086497999999899],[-47.3235523,-16.0846242],[-47.3246769,-16.084971699999901],[-47.3248163,-16.0871458999999],[-47.327462599999897,-16.0872352],[-47.3273485,-16.0896063],[-47.3293054,-16.0904298],[-47.329971699999902,-16.0903031],[-47.3314865,-16.0866268],[-47.332911099999897,-16.0867316],[-47.3371466,-16.093594799999899],[-47.335881399999899,-16.0952654],[-47.331573299999903,-16.094304399999899],[-47.333920799999902,-16.097816599999899],[-47.3319822999999,-16.100655],[-47.332995,-16.1058743],[-47.331874099999901,-16.107476599999899],[-47.335369699999902,-16.108242699999899],[-47.3362784,-16.1128586],[-47.338820499999898,-16.1143966],[-47.338452399999902,-16.1159701],[-47.33644,-16.117883499999898],[-47.336561,-16.119487499999899],[-47.3414868,-16.1217652],[-47.339911099999902,-16.1235116],[-47.341375,-16.1259075],[-47.3383914,-16.1274938],[-47.3380614,-16.128383499999899],[-47.3465346999999,-16.1309221],[-47.350007199999901,-16.1292344999999],[-47.3502339,-16.131933499999899],[-47.3520952,-16.1319642],[-47.352732199999899,-16.1328303],[-47.352252,-16.1337895],[-47.3489248,-16.1351581],[-47.350585099999897,-16.1385341],[-47.3475247,-16.1405606],[-47.350132099999897,-16.1435069],[-47.3494353,-16.145847499999899],[-47.3503747,-16.1481282999999],[-47.347281699999897,-16.148444799999901],[-47.3457336,-16.1474964],[-47.342447499999899,-16.1485719],[-47.3427665,-16.1513816],[-47.344509699999897,-16.1526033],[-47.3474307,-16.1530632999999],[-47.348626,-16.155103999999898],[-47.3470010999999,-16.1563025],[-47.3418541,-16.156464399999901],[-47.3403243,-16.1581753],[-47.340817899999898,-16.1592095],[-47.342745099999902,-16.1595523],[-47.344515,-16.161077299999899],[-47.3450123,-16.164066799999901],[-47.340682699999903,-16.1637885],[-47.339794599999898,-16.164352999999899],[-47.338552,-16.168095299999901],[-47.3319567,-16.171739199999902],[-47.333488499999902,-16.1760088999999],[-47.331404,-16.1795865],[-47.3328721,-16.181220799999899],[-47.337244499999898,-16.1813533],[-47.339127,-16.1822978],[-47.3405112,-16.185256599999899],[-47.3398559,-16.1859918],[-47.3369468,-16.186219299999902],[-47.335374199999897,-16.1847139],[-47.3307875,-16.184273599999901],[-47.3299592,-16.184948599999899],[-47.330213,-16.1879934],[-47.332459399999898,-16.190714],[-47.3319321,-16.1927550999999],[-47.3299076,-16.194825],[-47.3299628,-16.1959067],[-47.3316704,-16.196572699999901],[-47.3327509,-16.1984097],[-47.334537699999899,-16.1983935],[-47.3363229,-16.2015876],[-47.3335112,-16.203385],[-47.3317589,-16.2029592],[-47.3282619,-16.20363],[-47.322119799999903,-16.208775199999899],[-47.325821,-16.211368799999899],[-47.3277289,-16.2105147],[-47.3290378,-16.2109634],[-47.3297701,-16.2132478],[-47.3289637,-16.2141822],[-47.330191399999897,-16.2143472],[-47.3299292,-16.2170399],[-47.328571,-16.2177154],[-47.328457699999902,-16.2219779],[-47.324923199999901,-16.2234432999999],[-47.323359099999898,-16.2255544],[-47.3238340999999,-16.2283368],[-47.3219811,-16.2314256],[-47.324913299999899,-16.2342025999999],[-47.3250533,-16.2391498],[-47.3268267999999,-16.2410634],[-47.3260101,-16.2426035],[-47.3269601,-16.2437343],[-47.328687699999897,-16.243711],[-47.3273776999999,-16.245933299999901],[-47.3278213,-16.2473107],[-47.3271443,-16.2486413],[-47.3291053,-16.2502522],[-47.3338211,-16.2484779],[-47.3353852,-16.2534739],[-47.3341713,-16.2564154],[-47.334288,-16.2585865],[-47.336856,-16.2601974],[-47.3396155,-16.264262899999899],[-47.3439344,-16.2650098999999],[-47.344424699999898,-16.2669476],[-47.346992699999902,-16.268114899999901],[-47.347015999999897,-16.2693055],[-47.3516084,-16.275413399999898],[-47.3516629,-16.277619899999902],[-47.3492385,-16.280235],[-47.347637899999903,-16.2868573],[-47.3493475,-16.289415],[-47.354365099999903,-16.2926027],[-47.3554890999999,-16.2942184999999],[-47.3524449,-16.3037959],[-47.352421499999899,-16.3066762],[-47.3541777,-16.3093691],[-47.3547397,-16.309088099999901],[-47.356847199999898,-16.313982199999899],[-47.359259199999897,-16.3152466999999],[-47.3609928,-16.3229029],[-47.3628193,-16.3233478],[-47.363521799999901,-16.326345199999899],[-47.366425499999899,-16.3275629],[-47.3654888,-16.3298811],[-47.375464399999899,-16.3369296],[-47.374621299999902,-16.338709299999898],[-47.3768694,-16.340044],[-47.3793281,-16.343369199999898],[-47.3802648,-16.3475374],[-47.3844798,-16.35201],[-47.385744299999899,-16.351447999999898],[-47.387570799999899,-16.354796599999901],[-47.395485699999902,-16.36229],[-47.3977806,-16.3684018],[-47.402463899999901,-16.3728275],[-47.4030493,-16.3759185],[-47.406866299999898,-16.3768084],[-47.411865299999903,-16.3803396],[-47.414710899999903,-16.380414599999899],[-47.4168481,-16.382340499999898],[-47.417347,-16.380936],[-47.4184107,-16.3811873],[-47.418082899999902,-16.3822177],[-47.4201416,-16.3831948],[-47.4199154,-16.3843006],[-47.418902499999902,-16.3845358999999],[-47.419972899999898,-16.385372099999898],[-47.4201834,-16.3916596],[-47.4212213,-16.391689],[-47.4214413999999,-16.3903607],[-47.422830299999902,-16.3914707],[-47.4227056,-16.3922603],[-47.423983899999897,-16.3917483],[-47.4249667,-16.393444299999899],[-47.4266095,-16.393249899999901],[-47.426558499999899,-16.3961017],[-47.425365499999899,-16.3969468],[-47.4271686,-16.3989137999999],[-47.4251598,-16.400706399999901],[-47.425178199999898,-16.401958],[-47.4235624,-16.402754199999901],[-47.4247099,-16.4035269],[-47.424194699999902,-16.4043465],[-47.4248158,-16.405266299999901],[-47.4234375,-16.406078099999899],[-47.4243891,-16.4075447],[-47.4233613,-16.4085214999999],[-47.4235859,-16.412120899999898],[-47.4225087,-16.412519],[-47.4236561,-16.4133854],[-47.4242884,-16.4129171],[-47.4248547,-16.413878899999901],[-47.424525,-16.4151682],[-47.4233077,-16.4151682],[-47.423193599999898,-16.415849299999898],[-47.424233399999899,-16.4159953],[-47.424093899999903,-16.4174001],[-47.425044899999897,-16.4179596],[-47.4243665,-16.420228],[-47.425070199999901,-16.4207875],[-47.4257296,-16.4193036],[-47.4263065,-16.4208422],[-47.426426999999897,-16.4231349],[-47.4251907,-16.4238707],[-47.426426999999897,-16.425269399999902],[-47.4253682,-16.4280911],[-47.4272639,-16.429672299999901],[-47.4264016,-16.431229],[-47.427378,-16.4313202],[-47.426921499999899,-16.4340202],[-47.4282466,-16.434604],[-47.4288743,-16.437012099999901],[-47.4297872,-16.4356864],[-47.4319809,-16.4377114],[-47.4310743,-16.438416699999902],[-47.432475399999902,-16.4383255],[-47.4327924,-16.4396146999999],[-47.433616599999901,-16.4395235],[-47.43271,-16.4408308],[-47.431182,-16.441019299999901],[-47.4309094,-16.4424908999999],[-47.430047199999898,-16.4417673],[-47.4291215,-16.4426612],[-47.431188399999897,-16.4439381],[-47.4340794,-16.4429590999999],[-47.436190699999898,-16.445184599999902],[-47.4369578,-16.4442665],[-47.4375601,-16.448383099999901],[-47.438561799999903,-16.4491492],[-47.4393036,-16.4487904],[-47.4394114,-16.450341],[-47.4420362,-16.450857799999898],[-47.4425750999999,-16.4498545],[-47.4435134,-16.4506268],[-47.4441664,-16.4494167],[-47.4461699,-16.450146399999898],[-47.4480402,-16.4523962],[-47.4471905999999,-16.4528096999999],[-47.4470765,-16.4550351],[-47.445669,-16.4550776],[-47.4458782,-16.4580874],[-47.448154299999899,-16.459376399999901],[-47.448547399999903,-16.4608173999999],[-47.4508425,-16.4606654],[-47.450030899999902,-16.4629576],[-47.448484,-16.4628968],[-47.4482748,-16.4642527],[-47.4492701,-16.4635838999999],[-47.4502021,-16.4646782999999],[-47.4528713,-16.4640580999999],[-47.454367499999897,-16.4646114],[-47.4549888,-16.4660463],[-47.4545641,-16.4675055],[-47.4557053,-16.4676392],[-47.4551283,-16.469828],[-47.4560096,-16.470910199999899],[-47.454367499999897,-16.470509],[-47.453815899999903,-16.4720229],[-47.4544753,-16.4735732],[-47.4535306,-16.4739319],[-47.4541646,-16.4746127999999],[-47.4534672,-16.4753241999999],[-47.4544499,-16.4758653],[-47.454678199999897,-16.4749351],[-47.4552044,-16.4760659],[-47.4561047,-16.4756707],[-47.456725999999897,-16.4776588],[-47.455743299999902,-16.478649699999899],[-47.4555975,-16.4807168],[-47.4547162,-16.480577],[-47.4545133,-16.481616599999899],[-47.455794,-16.483027],[-47.455166399999896,-16.4843523],[-47.457588299999898,-16.486607799999899],[-47.456072999999897,-16.4862917],[-47.455179,-16.4879513],[-47.4558764,-16.488650499999899],[-47.4539870999999,-16.4888875],[-47.453651099999902,-16.4900061],[-47.454678199999897,-16.4897142999999],[-47.4550522,-16.4909423],[-47.4566753,-16.490991],[-47.4568465,-16.492778299999902],[-47.4601243,-16.4932464],[-47.4578038,-16.497635499999902],[-47.459306399999903,-16.4995443],[-47.4595246,-16.5041259],[-47.4581428,-16.504687999999899],[-47.4567845,-16.506936199999899],[-47.4536932,-16.508224299999899],[-47.452709599999899,-16.5095357],[-47.4528713,-16.512595299999901],[-47.4511975,-16.5131180999999],[-47.4495047,-16.515592],[-47.446005,-16.5173669],[-47.4476471,-16.5201691],[-47.4476154,-16.521670399999898],[-47.4455485,-16.5222904],[-47.444673599999902,-16.523882899999901],[-47.445168099999897,-16.527311],[-47.4417318,-16.527335299999901],[-47.4413514,-16.5284293],[-47.4423341,-16.5317054],[-47.443729,-16.5326717999999],[-47.4430062,-16.534434299999901],[-47.4445658,-16.5342702],[-47.4445215,-16.5358079],[-47.445472499999902,-16.5367378],[-47.4442235,-16.5385671999999],[-47.443798699999903,-16.5367196],[-47.4417318,-16.537254399999899],[-47.4442298,-16.5393025999999],[-47.4422264,-16.5406823],[-47.440317999999898,-16.5401656999999],[-47.438225799999898,-16.541989],[-47.4371924,-16.5410469],[-47.4347261,-16.541660799999899],[-47.4304529,-16.5399894],[-47.431118599999898,-16.5422928999999],[-47.4331918,-16.5423415],[-47.433635599999903,-16.5431194],[-47.4326783,-16.5444808],[-47.433011099999902,-16.5462843],[-47.431571899999902,-16.544801399999901],[-47.4303356,-16.5450749],[-47.4306209,-16.547578799999901],[-47.4315149,-16.5480954],[-47.429054999999899,-16.550951699999899],[-47.4282434,-16.550459499999899],[-47.427051499999898,-16.5468981],[-47.4233616,-16.548034599999902],[-47.4214976,-16.549882099999898],[-47.4144729,-16.5463450999999],[-47.4132683,-16.547250599999899],[-47.4125137999999,-16.5494385],[-47.411398,-16.548314199999901],[-47.4099778,-16.5492805],[-47.4082787,-16.5530788],[-47.4054637,-16.5552484],[-47.406072299999899,-16.557825099999899],[-47.410383599999903,-16.5565124],[-47.4127928,-16.5593868999999],[-47.4125582,-16.5603045],[-47.4100792,-16.5580378],[-47.409128199999898,-16.5603106],[-47.4122285,-16.563829199999901],[-47.411784699999899,-16.5648987],[-47.4093311,-16.5662417],[-47.413160499999897,-16.570787199999899],[-47.413223899999899,-16.5741719],[-47.404766299999899,-16.572914],[-47.402192199999902,-16.5705988],[-47.396911,-16.5710971],[-47.393379599999903,-16.5745972],[-47.396353099999899,-16.578352499999902],[-47.3957952,-16.5802605],[-47.3902856999999,-16.5829340999999],[-47.3910275,-16.5856563],[-47.386094899999897,-16.587546],[-47.3853912,-16.5865009],[-47.386418299999903,-16.58531],[-47.385289699999902,-16.5835114],[-47.3872615,-16.5790878],[-47.386640199999903,-16.5777145],[-47.382861499999898,-16.577708399999899],[-47.3821895,-16.5766207],[-47.3772696,-16.5785652],[-47.375868399999902,-16.5835418],[-47.3744293,-16.584915],[-47.3738016,-16.593196799999902],[-47.3767877,-16.5989506999999],[-47.3764327,-16.599679799999901],[-47.3742137,-16.598051499999901],[-47.3692368,-16.5998377999999],[-47.3681907,-16.599533999999899],[-47.3654074,-16.5932515],[-47.35934,-16.590693499999901],[-47.3595048,-16.5891015],[-47.357577499999898,-16.586889799999899],[-47.3534945,-16.5912039],[-47.3502167,-16.5923887],[-47.3473129,-16.5908332],[-47.343153899999898,-16.5914104],[-47.3421648,-16.5934338],[-47.344669199999899,-16.592686399999899],[-47.3453982999999,-16.594120299999901],[-47.3420063,-16.59745],[-47.3381199,-16.5961983],[-47.337739499999898,-16.5976565],[-47.339147,-16.6026507999999],[-47.3348104,-16.6042366],[-47.334170099999902,-16.608933],[-47.338474899999902,-16.6095041],[-47.3384432,-16.6128395],[-47.336351,-16.6155065999999],[-47.3340623,-16.6148626],[-47.3289586,-16.6088905],[-47.3269107,-16.6078697999999],[-47.3240577,-16.608592799999901],[-47.322719999999897,-16.6079184],[-47.3192964,-16.602018999999899],[-47.3164877,-16.6047834],[-47.3165638,-16.6087446999999],[-47.3174197,-16.6117702999999],[-47.3212554,-16.616873499999901],[-47.3200255,-16.6171166],[-47.3174134,-16.6151178],[-47.315194399999903,-16.617250199999901],[-47.311555199999901,-16.6178881],[-47.3106739,-16.621369199999901],[-47.305760399999897,-16.6230034],[-47.305842799999901,-16.6263082],[-47.3080808,-16.6309373],[-47.303262399999902,-16.627511],[-47.3011068,-16.6249778],[-47.3001621,-16.6252694],[-47.2987039,-16.6243703],[-47.2955656,-16.6253058],[-47.297429599999901,-16.6295097],[-47.295667099999903,-16.6352077999999],[-47.2938791999999,-16.6356938],[-47.2912798,-16.6330331],[-47.2879703,-16.6326321],[-47.2875328,-16.6366475],[-47.2844135,-16.6376984],[-47.283817499999898,-16.6394660999999],[-47.2880463,-16.6430501],[-47.285567399999898,-16.644483599999901],[-47.2828158,-16.6479156],[-47.2789294,-16.6475937],[-47.2794683,-16.6530847],[-47.277591599999901,-16.6592074],[-47.2742314,-16.6585757],[-47.273787599999899,-16.6619406],[-47.270719,-16.661563999999899],[-47.2672067,-16.6592438],[-47.264252199999902,-16.6604707],[-47.2625024,-16.654336],[-47.2608286,-16.653765],[-47.2575571,-16.6569721],[-47.254235,-16.6626087],[-47.2553255,-16.6641758],[-47.2576586,-16.662717999999899],[-47.2604355,-16.6652204],[-47.260575,-16.6662651],[-47.256504699999901,-16.6668602999999],[-47.251775,-16.6644673],[-47.2508620999999,-16.6648074],[-47.2508367,-16.6680994],[-47.2490235,-16.6734198],[-47.249327799999897,-16.6751204],[-47.253600999999897,-16.6756305],[-47.2592816,-16.677634699999899],[-47.257962899999903,-16.685007599999899],[-47.257075299999897,-16.685529899999899],[-47.2507226,-16.6846917999999],[-47.2472736,-16.6812787],[-47.2458788,-16.6835379],[-47.245523799999901,-16.692574599999901],[-47.2461895,-16.700457],[-47.2473687,-16.7024488],[-47.2520096,-16.7032503],[-47.2524281,-16.703942599999898],[-47.249499,-16.7069303],[-47.2429561,-16.7025945],[-47.2421699,-16.7028496],[-47.2408892,-16.705485],[-47.238746299999903,-16.707221699999899],[-47.228982599999902,-16.712152499999899],[-47.2252293,-16.7217585],[-47.2228835,-16.724078],[-47.2229723,-16.7279275],[-47.224126199999901,-16.7298097],[-47.2323809,-16.7334890999999],[-47.2320005,-16.7352256],[-47.2276259,-16.7413577],[-47.2285261,-16.7424869],[-47.234079999999899,-16.7432883],[-47.2353734,-16.7448426],[-47.2339913,-16.7473317],[-47.236489199999902,-16.7553454],[-47.233826399999899,-16.7602749],[-47.2331417,-16.7647064999999],[-47.2278161,-16.7615862],[-47.2243417,-16.761052],[-47.226788999999897,-16.765435],[-47.229705399999901,-16.765774899999901],[-47.2311256,-16.767608199999898],[-47.2306818,-16.775791],[-47.219700799999899,-16.7780734],[-47.218001699999903,-16.7813877],[-47.220334799999897,-16.7850296],[-47.2205124,-16.7880039],[-47.2174438,-16.792264799999899],[-47.2199037,-16.796440699999899],[-47.2168732,-16.7990263],[-47.216442099999902,-16.800567999999899],[-47.216543499999901,-16.8012234999999],[-47.221083,-16.8024616],[-47.2211844,-16.8077661999999],[-47.2191175,-16.8100603],[-47.2138426,-16.811468299999898],[-47.211775799999899,-16.8175737],[-47.208162,-16.8183991],[-47.2079211,-16.819030199999901],[-47.2106853,-16.8221617],[-47.2135383,-16.8222951999999],[-47.2138173,-16.827575],[-47.1999453,-16.826154899999899],[-47.1984871,-16.8254145],[-47.1962554,-16.822246699999901],[-47.1945689,-16.824589199999899],[-47.1965597,-16.8270894999999],[-47.199653699999899,-16.8286916],[-47.2033562,-16.8367261],[-47.206019,-16.8373571999999],[-47.2064374999999,-16.8383888],[-47.2054231,-16.8439107999999],[-47.2059049,-16.8529882999999],[-47.2003257,-16.856155699999899],[-47.202062899999902,-16.8628178],[-47.2096329,-16.863558],[-47.2103303,-16.8652812],[-47.208859399999902,-16.8691036],[-47.2088974,-16.8746368],[-47.2024761,-16.8737676],[-47.2017078,-16.875498299999901],[-47.202012099999898,-16.8776339],[-47.2033054999999,-16.878871499999899],[-47.202887099999899,-16.8805581],[-47.2010865,-16.8815288],[-47.195557999999899,-16.8815895],[-47.1942139,-16.8824387999999],[-47.1943153,-16.8845865],[-47.1953678,-16.8858969],[-47.200465199999897,-16.8878989],[-47.202557399999897,-16.8878018],[-47.203724,-16.889318499999899],[-47.2031153,-16.8928855999999],[-47.200807499999897,-16.8941717],[-47.195063499999897,-16.8953485],[-47.1943534,-16.896853],[-47.1962174,-16.904848199999901],[-47.1988421,-16.9080632],[-47.1972191,-16.909725299999899],[-47.1948733,-16.907298899999901],[-47.1912720999999,-16.906122099999902],[-47.1893448,-16.902979899999899],[-47.1818762,-16.9013299],[-47.180709599999901,-16.9017545],[-47.1767154,-16.9089124999999],[-47.1747247,-16.917416699999901],[-47.170984,-16.9166888],[-47.1675731,-16.9136316999999],[-47.1654429,-16.9169193],[-47.160649799999902,-16.9197338],[-47.1610429,-16.9212381],[-47.1650498,-16.9221115],[-47.168156399999901,-16.9282254],[-47.174318899999903,-16.929499099999902],[-47.174382299999898,-16.9313672],[-47.171326399999899,-16.9336114],[-47.169234199999899,-16.939627899999898],[-47.164555199999903,-16.9366681999999],[-47.1579553,-16.939852299999899],[-47.1595022,-16.943321399999899],[-47.166577699999898,-16.9489495],[-47.16744,-16.9513147],[-47.166653799999899,-16.953194699999901],[-47.154544299999898,-16.9528792999999],[-47.153491899999899,-16.953413],[-47.152908599999897,-16.955050399999902],[-47.1535173,-16.9574641],[-47.160174299999902,-16.9600353],[-47.159045799999902,-16.9630068],[-47.1575495,-16.9643773],[-47.152020999999898,-16.9653476],[-47.1443876,-16.9630553],[-47.1461500999999,-16.967518499999901],[-47.142992799999902,-16.9717391],[-47.1391507,-16.9719815999999],[-47.1283093,-16.9759352],[-47.127409,-16.9786518],[-47.1277641,-16.9802283],[-47.1310482,-16.9877835],[-47.134167499999897,-16.989844999999899],[-47.1373502,-16.990742399999899],[-47.144121299999902,-16.9909364],[-47.1497259,-16.996914699999898],[-47.151539199999903,-16.9977393],[-47.150068299999901,-17.0005768],[-47.1471137999999,-16.998382],[-47.1436141,-17.0002615],[-47.139924199999903,-16.998782199999901],[-47.140215899999902,-17.006518399999901],[-47.141851599999903,-17.0058152],[-47.143550699999899,-17.0031839],[-47.1443369,-17.0036689],[-47.1447807,-17.0068458],[-47.1438297,-17.010628999999899],[-47.13716,-17.0063972],[-47.1320119,-17.0067488],[-47.131682199999901,-17.0100712],[-47.1319738,-17.011247399999899],[-47.1354482,-17.0130904],[-47.1401018,-17.0180616],[-47.139975,-17.0192135],[-47.1374263,-17.0203167999999],[-47.142422199999899,-17.0223902],[-47.1441847,-17.0267792],[-47.1457571,-17.0267792],[-47.1479126999999,-17.0245241],[-47.148369199999898,-17.024887799999899],[-47.1486101,-17.0260881],[-47.1464925,-17.0283310999999],[-47.146632,-17.032326],[-47.1520527,-17.0335444],[-47.152953,-17.0301497],[-47.15521,-17.0271672],[-47.156858499999899,-17.0295313999999],[-47.1556538,-17.030937799999901],[-47.1555524,-17.033229199999901],[-47.157758699999903,-17.0339202],[-47.1588492,-17.0296647],[-47.1620826,-17.031216599999901],[-47.163059,-17.0336293],[-47.161613499999902,-17.038199899999899],[-47.1632112,-17.0419582],[-47.1639086,-17.0426128],[-47.165518899999903,-17.0421521],[-47.1659754,-17.0396062],[-47.1686763,-17.040127499999901],[-47.1680803,-17.0438009],[-47.164631299999897,-17.0455102],[-47.16524,-17.047546899999901],[-47.1671166,-17.0480439],[-47.1730509,-17.0449647],[-47.1753967,-17.041703599999899],[-47.1780595,-17.0407701],[-47.180443399999902,-17.0353145],[-47.182066399999897,-17.0355327],[-47.1836134,-17.0369148],[-47.1844756,-17.040115399999902],[-47.1814831,-17.045873899999901],[-47.1820537,-17.0532688],[-47.1749402,-17.054687199999901],[-47.180371,-17.062808],[-47.1820964,-17.0639533999999],[-47.1832883,-17.063463199999902],[-47.1858597,-17.0590118],[-47.187383,-17.0583329],[-47.188958,-17.0588006999999],[-47.1902896,-17.061700799999901],[-47.1934726,-17.0600282999999],[-47.1958779,-17.060381699999901],[-47.1954881,-17.0648115],[-47.196258199999903,-17.066637399999902],[-47.194481499999902,-17.067932799999902],[-47.193431099999898,-17.0666586],[-47.1924877,-17.066720599999901],[-47.1918438,-17.0695684],[-47.1980943,-17.07226],[-47.200701599999903,-17.0703328],[-47.205540299999903,-17.070681599999901],[-47.2058733,-17.0681936],[-47.2078092,-17.067336],[-47.208923399999897,-17.068547599999899],[-47.210377299999898,-17.0739255999999],[-47.2072324,-17.0783827],[-47.207680599999897,-17.0803551],[-47.208843699999903,-17.0808637],[-47.212295099999899,-17.0803873999999],[-47.2137346,-17.0796051999999],[-47.215658699999899,-17.0765825],[-47.217469499999901,-17.075951799999899],[-47.2204805,-17.0775305],[-47.221982,-17.0763578],[-47.2244206,-17.0763044999999],[-47.2251719,-17.0775156999999],[-47.2230708,-17.0797214],[-47.222992299999902,-17.0817284],[-47.2237861999999,-17.082544499999901],[-47.2248718,-17.0824196999999],[-47.225962799999898,-17.080669999999898],[-47.2287001,-17.0799726999999],[-47.2337317,-17.082381499999901],[-47.2330363,-17.0843904],[-47.230748199999901,-17.08636],[-47.2271542,-17.084001999999899],[-47.2230135,-17.0847198],[-47.222317599999897,-17.0855266999999],[-47.222566,-17.0866103],[-47.2243917,-17.0879806999999],[-47.226905,-17.0873482],[-47.2297339,-17.089651199999899],[-47.2316994,-17.089201],[-47.2395491999999,-17.0836899],[-47.240650699999897,-17.0836186],[-47.2424649,-17.087519299999901],[-47.243599199999899,-17.087270299999901],[-47.2466778,-17.0820363999999],[-47.2475946,-17.0825945],[-47.248176199999897,-17.098556599999899],[-47.252397099999897,-17.097814099999901],[-47.254065599999898,-17.0989114999999],[-47.2550095,-17.0982877],[-47.2543919,-17.0945596],[-47.255264,-17.0938383],[-47.2563971,-17.0939981],[-47.2575264,-17.0954503],[-47.2584315,-17.0998797],[-47.259341699999901,-17.100758799999898],[-47.2604828,-17.100401299999898],[-47.262446699999899,-17.0978765999999],[-47.2640999,-17.0982241],[-47.264652199999901,-17.0993391],[-47.2640132,-17.1059435],[-47.2669511,-17.1083692999999],[-47.2653177,-17.1125666],[-47.2659335,-17.113608499999899],[-47.267147399999899,-17.1136584999999],[-47.2718656,-17.1063958],[-47.2732664,-17.1054005],[-47.2748591,-17.105835],[-47.277516999999897,-17.1109787],[-47.280125499999897,-17.114018799999901],[-47.2819575,-17.114893199999901],[-47.2821246,-17.116021799999899],[-47.280790399999901,-17.1173254999999],[-47.276043199999897,-17.1160727],[-47.2751486,-17.117831],[-47.275929399999903,-17.123083],[-47.276983399999899,-17.123317299999901],[-47.2797408,-17.1209843],[-47.2817391,-17.1214995],[-47.282172199999899,-17.1227608],[-47.2809738999999,-17.1262378],[-47.2763489,-17.1274031],[-47.2764033,-17.1284479],[-47.278182,-17.1301769],[-47.282093,-17.127900899999901],[-47.2834238,-17.130578199999899],[-47.2823794,-17.1353657],[-47.2838492,-17.138359299999902],[-47.281572099999899,-17.142149199999899],[-47.2827101,-17.144099599999901],[-47.2881201,-17.143498399999899],[-47.293149399999898,-17.1394235],[-47.2958187999999,-17.138623],[-47.296040199999901,-17.140881799999899],[-47.2971259,-17.142042499999899],[-47.2991162,-17.1425753],[-47.304175799999904,-17.1469288],[-47.3029794999999,-17.1544501],[-47.3044849,-17.1570935999999],[-47.3073754,-17.1590128],[-47.3093957,-17.1587981],[-47.3088451,-17.149114],[-47.311041799999899,-17.1463183],[-47.313404999999896,-17.1469729],[-47.3187667,-17.1526641],[-47.320596,-17.1512696],[-47.321875599999899,-17.1519594],[-47.323682,-17.1556299],[-47.3249881,-17.155739299999901],[-47.3265203,-17.1541597],[-47.325707899999898,-17.1489953],[-47.32768,-17.1483358999999],[-47.332291499999897,-17.1540328],[-47.3321271,-17.155916999999899],[-47.3294274,-17.158476399999898],[-47.3312864,-17.162834099999898],[-47.333904899999901,-17.1652930999999],[-47.3365155,-17.1654263],[-47.339376699999903,-17.1637923],[-47.34062,-17.1639777],[-47.341877,-17.165905],[-47.3519875,-17.1664994],[-47.3530441999999,-17.169847],[-47.3519282,-17.1722814],[-47.3484877,-17.176223],[-47.351759,-17.1780563],[-47.3524742,-17.1798041],[-47.3516595,-17.181963499999899],[-47.3466016,-17.1847612],[-47.341847599999902,-17.1859494999999],[-47.340177299999901,-17.1873871],[-47.342787799999897,-17.1895501999999],[-47.3452402,-17.1889145],[-47.349625699999898,-17.1862242999999],[-47.3517029,-17.1862394],[-47.353954299999899,-17.1879296],[-47.3566761,-17.1886226],[-47.3581828,-17.1883098],[-47.3603145,-17.185749499999901],[-47.3618481,-17.1850817],[-47.3621752,-17.187636499999901],[-47.357296,-17.1945554],[-47.3518776,-17.195015],[-47.3502328,-17.1964985],[-47.3498948,-17.202328899999898],[-47.350567899999902,-17.2055938],[-47.3514241,-17.2060083],[-47.3528831,-17.2060058],[-47.3560742,-17.2026384],[-47.3608457999999,-17.2046197],[-47.3613501,-17.206297699999901],[-47.3607934999999,-17.2097299],[-47.3637674,-17.210744799999901],[-47.3641812,-17.2120064],[-47.3641588999999,-17.215807599999899],[-47.3619085,-17.220169199999901],[-47.362646299999902,-17.2227085],[-47.3644389,-17.2227483],[-47.3661276,-17.2217757],[-47.369481,-17.2177412],[-47.374678199999899,-17.2163307],[-47.3759808,-17.2171551],[-47.3754551,-17.2190715999999],[-47.3735637999999,-17.22008],[-47.3743205,-17.222069],[-47.3757302,-17.222109799999899],[-47.3786044,-17.219974299999901],[-47.3800156,-17.223891599999899],[-47.384473699999901,-17.225924399999901],[-47.385318799999901,-17.2270492],[-47.385322599999903,-17.2280486],[-47.381798499999903,-17.2322278],[-47.3814601,-17.234535999999899],[-47.379014599999898,-17.2362775],[-47.380933099999901,-17.2378777],[-47.3861535,-17.238229],[-47.3872585,-17.239136799999901],[-47.3869386,-17.2410593],[-47.3819329,-17.2433568],[-47.3842273,-17.247782899999901],[-47.3865372,-17.2498065999999],[-47.387572,-17.249814399999899],[-47.3887376,-17.2488721],[-47.3896233,-17.2451250999999],[-47.396066,-17.2427673],[-47.398917299999901,-17.2426465],[-47.4024874999999,-17.244529699999902],[-47.4078155999999,-17.245956099999901],[-47.410145199999903,-17.2475929],[-47.4110688,-17.2511385],[-47.4105448,-17.252667099999901],[-47.4067246,-17.255438899999898],[-47.4076759,-17.2564379],[-47.4105228,-17.257769799999899],[-47.4175696,-17.2576875],[-47.4223478,-17.2596116],[-47.422906699999899,-17.2605644],[-47.4231265,-17.262107399999898],[-47.4181574,-17.2623968],[-47.4169348,-17.2647024],[-47.4171009,-17.2695165],[-47.4178482,-17.270462899999899],[-47.419320099999901,-17.270882],[-47.4219818,-17.2701779],[-47.4279554,-17.271521699999902],[-47.4316836,-17.273349499999899],[-47.4344591999999,-17.2762185],[-47.4344867,-17.2807865],[-47.4327701,-17.2834877999999],[-47.4300985,-17.2841971],[-47.425549799999899,-17.283630199999902],[-47.423822399999899,-17.2861548999999],[-47.421804699999903,-17.2872106999999],[-47.4195432,-17.2923546],[-47.419204099999902,-17.2954475],[-47.419741799999898,-17.300183],[-47.4212103999999,-17.3039145],[-47.4274548,-17.3063495],[-47.4293711,-17.3080376],[-47.4217116,-17.3159684],[-47.4217963,-17.321263299999899],[-47.422866199999902,-17.3230892999999],[-47.4241852,-17.324029199999899],[-47.430038399999901,-17.321857599999898],[-47.4311572,-17.3211832],[-47.433270299999897,-17.317305099999899],[-47.4353771,-17.317005299999899],[-47.4378685,-17.3178781999999],[-47.441931399999902,-17.3230143],[-47.4457125,-17.3217731999999],[-47.4477937999999,-17.3235905999999],[-47.450347,-17.3240529],[-47.450962499999903,-17.3250085],[-47.4501536,-17.3282166],[-47.4510136,-17.329098299999899],[-47.45365,-17.3286017],[-47.4548775,-17.329738899999899],[-47.454293199999903,-17.3319011],[-47.4499297999999,-17.3349514],[-47.449066199999898,-17.3381585999999],[-47.444480499999898,-17.340759299999899],[-47.4438208,-17.343918299999899],[-47.440539999999899,-17.3464814],[-47.4415622,-17.348384],[-47.4441282,-17.347994],[-47.4470623,-17.3492696],[-47.4482896,-17.3488278999999],[-47.4485978,-17.3464410999999],[-47.450413899999901,-17.3451944],[-47.457573399999902,-17.3437322999999],[-47.4600437,-17.3441505],[-47.4612852,-17.3465095],[-47.4608244,-17.3484538],[-47.4565413999999,-17.3508237],[-47.457463899999901,-17.353178699999901],[-47.4640115999999,-17.3558477999999],[-47.466181199999902,-17.3552245],[-47.467434099999899,-17.3518392],[-47.471269,-17.3488307],[-47.4722259,-17.3452146999999],[-47.4732231999999,-17.3446997],[-47.475886499999902,-17.3450933999999],[-47.478940599999902,-17.348197599999899],[-47.484152799999897,-17.348091699999902],[-47.4879548,-17.3495063],[-47.488959099999903,-17.3463482],[-47.4908224,-17.3448258],[-47.4943256,-17.346209299999899],[-47.4957482,-17.345648099999899],[-47.4960114,-17.342523399999902],[-47.4984105999999,-17.3360036],[-47.502090699999897,-17.3334925],[-47.5067779,-17.331896899999901],[-47.5096263,-17.3330998],[-47.511122199999903,-17.3308155],[-47.509059099999902,-17.327078899999901],[-47.5105363,-17.3260597999999],[-47.5125245999999,-17.327136499999899],[-47.5137462,-17.3292868999999],[-47.5126493,-17.335321899999901],[-47.508735,-17.339353],[-47.507264,-17.3391224],[-47.5048768,-17.337246299999901],[-47.504689799999902,-17.3396802],[-47.5065471999999,-17.3421703],[-47.5091214,-17.3437379],[-47.5171619,-17.3465644999999],[-47.5220983,-17.3531058999999],[-47.5223601,-17.3544211],[-47.5206398,-17.357497],[-47.515435399999902,-17.3564062999999],[-47.5146189,-17.3570668999999],[-47.5155164,-17.3638452],[-47.5173425999999,-17.3673388],[-47.5157781999999,-17.3722223],[-47.5142885,-17.373817899999899],[-47.5145067,-17.3749523],[-47.5163828,-17.3770637],[-47.519293499999897,-17.3759916],[-47.5205152,-17.376309499999898],[-47.5196862,-17.379131399999899],[-47.5201661,-17.380646],[-47.525669799999903,-17.383348],[-47.5278638,-17.383260699999902],[-47.528381099999898,-17.3825658],[-47.528019599999901,-17.3794493],[-47.529047999999896,-17.3778303],[-47.5310301,-17.3775249],[-47.532494799999903,-17.378731],[-47.5332677,-17.3801895],[-47.5309553,-17.3828852],[-47.5287302,-17.3876799],[-47.529864599999897,-17.3896869],[-47.531846599999902,-17.3884403],[-47.536215899999902,-17.389132099999902],[-47.538547,-17.3880788],[-47.539812299999902,-17.388396699999898],[-47.537518599999899,-17.394078],[-47.5344707,-17.394034299999898],[-47.533729,-17.3946576],[-47.5348696,-17.398277399999898],[-47.534053099999902,-17.400525899999899],[-47.5273776,-17.406255499999901],[-47.5244918,-17.410162],[-47.526012599999902,-17.4148663],[-47.529066699999902,-17.410539099999902],[-47.532862599999902,-17.410377],[-47.536085,-17.408083299999898],[-47.537973599999901,-17.4084012],[-47.537842699999899,-17.4109131],[-47.5350877,-17.4131039],[-47.5314602,-17.4139734],[-47.5283636,-17.4250026],[-47.5263305,-17.425723999999899],[-47.525189899999901,-17.4229784],[-47.5242549,-17.4225359],[-47.521624599999903,-17.4258627],[-47.523737599999897,-17.42765],[-47.5272841,-17.4281174],[-47.5283749,-17.428958899999898],[-47.528293899999902,-17.4388645],[-47.5298271999999,-17.442769499999901],[-47.535243599999902,-17.4425825],[-47.535299699999896,-17.4456848999999],[-47.536166,-17.446482699999901],[-47.5409529,-17.4457207],[-47.5410651,-17.447264899999901],[-47.539793599999904,-17.4499934],[-47.541439099999899,-17.4541740999999],[-47.540635,-17.4551901],[-47.5371072,-17.4558944],[-47.536778399999903,-17.4569822],[-47.534889099999901,-17.4581193],[-47.5337225,-17.457768499999901],[-47.5337605,-17.4569339],[-47.5315922999999,-17.4589055],[-47.5274965999999,-17.4605625999999],[-47.525873499999904,-17.459353099999898],[-47.5238320999999,-17.459570799999899],[-47.5219427,-17.458385399999901],[-47.5204211,-17.4597643],[-47.5183416,-17.4592079],[-47.514639,-17.460998099999902],[-47.513041299999898,-17.464505799999898],[-47.5144361,-17.4706019],[-47.5123566,-17.4769396],[-47.5058644,-17.479310199999901],[-47.503024099999898,-17.4839061],[-47.502947999999897,-17.4902433],[-47.5083893,-17.4964486],[-47.5087071,-17.499071399999899],[-47.508178,-17.5035318],[-47.505651199999903,-17.5079852],[-47.496848999999898,-17.5138072],[-47.4932297,-17.5181916999999],[-47.4911741,-17.5187779],[-47.4865733,-17.517602699999902],[-47.4852231,-17.5164052],[-47.4842639,-17.5123326],[-47.4828548999999,-17.5109451],[-47.4772836,-17.5127848],[-47.4756098,-17.515348399999901],[-47.474696799999897,-17.5206689],[-47.470081299999897,-17.526376099999901],[-47.4668859,-17.5340176999999],[-47.4605142,-17.536810699999901],[-47.4547257,-17.541785999999899],[-47.451669799999898,-17.536581],[-47.4501102,-17.5356621],[-47.449286,-17.5316177],[-47.4472001,-17.5319138999999],[-47.443935,-17.5293869],[-47.4414244,-17.528981799999901],[-47.4394399,-17.527700099999901],[-47.4395731,-17.5271137],[-47.435978299999903,-17.525892499999902],[-47.4329794,-17.526261299999899],[-47.4314768,-17.5237402],[-47.4290169,-17.523976],[-47.425910299999899,-17.5223194],[-47.4238053999999,-17.5232505],[-47.421396199999897,-17.5213762],[-47.414885,-17.5210013999999],[-47.411473999999899,-17.5182746999999],[-47.4090965,-17.5178514999999],[-47.404037199999898,-17.514913099999902],[-47.4041894,-17.514199599999898],[-47.4020591,-17.5134378],[-47.4004487,-17.5118174999999],[-47.3924603,-17.512264899999899],[-47.388453399999896,-17.514139199999899],[-47.3876291999999,-17.513062999999899],[-47.3851059,-17.5125188],[-47.3838125,-17.515928799999902],[-47.3777387,-17.522132],[-47.3744483,-17.5235951],[-47.3712022,-17.5232505],[-47.3699215,-17.523957799999899],[-47.365306,-17.5237402],[-47.3627446,-17.5244173],[-47.3612103,-17.5236313999999],[-47.3555043,-17.5236676],[-47.3494686,-17.526073799999899],[-47.3469833,-17.5253724999999],[-47.3450179,-17.5260013],[-47.3372577,-17.522398],[-47.3338087,-17.5218901],[-47.3254145,-17.5238006],[-47.3146864,-17.5397816],[-47.3131326,-17.543432199999899],[-47.3119826,-17.5495501],[-47.3066249,-17.5584603],[-47.298570799999901,-17.5626950999999],[-47.295521199999897,-17.566382299999901],[-47.288674,-17.570734199999901],[-47.2870827,-17.5750436],[-47.2837034,-17.577237599999901],[-47.2813131999999,-17.5824233],[-47.2791766,-17.584031],[-47.277997399999897,-17.5895972],[-47.2783271,-17.5914223999999],[-47.2763553,-17.593283799999899],[-47.276849899999903,-17.5947282],[-47.2757594,-17.5977437999999],[-47.2719744,-17.599756199999899],[-47.2648038,-17.6113892],[-47.2656534,-17.6149],[-47.264379,-17.6168458],[-47.2642395,-17.619111799999899],[-47.266255699999903,-17.625782699999899],[-47.265926,-17.6268039],[-47.2688868,-17.6332811999999],[-47.2688931,-17.6362841],[-47.271067699999897,-17.6353597],[-47.271219899999899,-17.637087699999899],[-47.2749605,-17.638519599999899],[-47.2761588,-17.6410693],[-47.2795444,-17.643425599999901],[-47.280799699999903,-17.6476307],[-47.2808504,-17.6537931],[-47.2785236,-17.6549712],[-47.2798804,-17.655073899999898],[-47.280476399999898,-17.6562337999999],[-47.280324199999903,-17.6586804999999],[-47.2780228,-17.657816599999901],[-47.2766976999999,-17.6584448999999],[-47.276773799999901,-17.660166699999898],[-47.2750176,-17.661211799999901],[-47.2762412,-17.662148199999901],[-47.2749161,-17.6629154],[-47.2748273999999,-17.661967],[-47.273781299999897,-17.662202599999901],[-47.271365699999897,-17.665863499999901],[-47.2718222,-17.668068499999901],[-47.2706873,-17.6685155],[-47.2712516,-17.6699472],[-47.2699899,-17.6704788],[-47.2701041,-17.6744717999999],[-47.2708332,-17.674073099999902],[-47.271289599999903,-17.6751],[-47.2724689,-17.6739764],[-47.2742378,-17.6744778],[-47.27316,-17.675836999999898],[-47.2748273999999,-17.6766706],[-47.2750366,-17.6756558],[-47.2757023,-17.6756558],[-47.2786758,-17.6795399],[-47.280159399999903,-17.678289499999899],[-47.2807807,-17.6811044],[-47.281370299999899,-17.679848],[-47.282651,-17.6796667999999],[-47.2826573,-17.681666199999899],[-47.2846608,-17.6814669],[-47.2860302,-17.6838528],[-47.2889896,-17.6829739],[-47.2897531,-17.6843802],[-47.2900412,-17.682328599999899],[-47.291570799999903,-17.6820657],[-47.292575199999902,-17.682118],[-47.2940803,-17.684407899999901],[-47.2955479,-17.682192999999899],[-47.2971156,-17.6840255],[-47.2983823,-17.6832846],[-47.298860299999902,-17.6866067],[-47.300461599999899,-17.687060799999902],[-47.3021585,-17.689068399999901],[-47.2998842,-17.6898694],[-47.299888,-17.691161899999901],[-47.3012303,-17.6903551999999],[-47.3024589,-17.6922949],[-47.3024065,-17.6899637],[-47.3033535,-17.6893552],[-47.3038283,-17.6904661999999],[-47.306864899999901,-17.691503],[-47.307918399999899,-17.6943502999999],[-47.310308399999897,-17.695951599999901],[-47.312578899999899,-17.6988435],[-47.3137022,-17.698963],[-47.3139651,-17.6998234],[-47.3129852,-17.7011856999999],[-47.3142758,-17.702595799999902],[-47.314228,-17.707375899999899],[-47.312268199999899,-17.707471499999901],[-47.3120732,-17.7091167],[-47.3129857,-17.709185299999898],[-47.3114078,-17.710363399999899],[-47.3129135,-17.7111520999999],[-47.3126745,-17.7122754],[-47.3141085,-17.7145459],[-47.3138456,-17.7164101],[-47.3153513,-17.7209033],[-47.3160629,-17.7218674],[-47.317857199999899,-17.7221390999999],[-47.3169505,-17.7252432],[-47.3189667,-17.7270187],[-47.319657699999901,-17.726088699999899],[-47.322650199999899,-17.7273448],[-47.3222635,-17.7294161999999],[-47.323286799999899,-17.730678399999899],[-47.3252937,-17.7291488],[-47.3253893,-17.7323036],[-47.3269667,-17.730941299999898],[-47.328328999999897,-17.7326143],[-47.3311492,-17.7327816],[-47.3307429,-17.7344307],[-47.3323682,-17.7336898],[-47.3326746,-17.7373847],[-47.3345909,-17.7371075],[-47.3347821,-17.7385176],[-47.3360249,-17.738087399999898],[-47.335825499999899,-17.7366923],[-47.3372014,-17.736885399999899],[-47.3364434,-17.739569199999899],[-47.339490399999903,-17.739999399999899],[-47.3395143,-17.742007],[-47.340828799999898,-17.7420309],[-47.341698199999897,-17.743845399999898],[-47.341043899999903,-17.745161799999899],[-47.342219499999899,-17.7457112],[-47.342112299999897,-17.746645],[-47.3406854,-17.748961899999902],[-47.342215,-17.7515192],[-47.3409005,-17.7518777],[-47.33863,-17.7504915],[-47.3381998,-17.7515192],[-47.3398488999999,-17.7519255],[-47.3395444,-17.7543211999999],[-47.336216099999902,-17.7540526],[-47.3347582,-17.754674],[-47.334328,-17.756299199999901],[-47.3362102,-17.756679],[-47.3369092,-17.7576137],[-47.3357142,-17.762560999999899],[-47.3317946,-17.7655485],[-47.3330374,-17.7672694],[-47.3329179,-17.7683926999999],[-47.3358802,-17.7678688],[-47.3358815,-17.7696354999999],[-47.3367509,-17.7678533],[-47.3372916,-17.770471999999899],[-47.3389167999999,-17.771021699999899],[-47.339347,-17.7723601],[-47.341450199999898,-17.7736745999999],[-47.3434377,-17.7741642],[-47.3434855,-17.7747378],[-47.3408527,-17.7752280999999],[-47.3401357,-17.7762797],[-47.339347,-17.7756105],[-47.3404702999999,-17.777976599999899],[-47.3442704,-17.778119999999898],[-47.3471145,-17.7807012],[-47.3473296,-17.783138999999899],[-47.348022699999902,-17.7833062999999],[-47.3484051,-17.7822547],[-47.3505322,-17.7827088],[-47.3502144,-17.783957999999899],[-47.349002599999899,-17.783664799999901],[-47.3483520999999,-17.785737],[-47.3515651,-17.785065799999899],[-47.3543323,-17.786054799999899],[-47.3532807,-17.7880863],[-47.354093299999903,-17.7935833],[-47.352492,-17.7941807999999],[-47.3506997,-17.793629],[-47.350420799999902,-17.7953982],[-47.3488353,-17.7943003],[-47.3487158,-17.7957582],[-47.3476813,-17.795582099999901],[-47.3467082,-17.796451299999902],[-47.348169,-17.7965131],[-47.348954799999902,-17.7985067],[-47.3497912999999,-17.7973117],[-47.351058,-17.797335599999901],[-47.3506995,-17.7985305999999],[-47.3522452,-17.8006382999999],[-47.351488199999899,-17.801852699999898],[-47.3524442,-17.8026892],[-47.3522773,-17.8041706],[-47.3550493,-17.803143299999899],[-47.357821699999903,-17.8054855],[-47.357033,-17.8059635],[-47.3555751,-17.8049836],[-47.3542606,-17.805628899999899],[-47.3546191,-17.8084969],[-47.3530178,-17.8083535],[-47.3521813,-17.8092139],[-47.3507951,-17.8083535],[-47.3508992,-17.8099387],[-47.349863,-17.8101938],[-47.351607699999903,-17.8121297],[-47.3507473,-17.8139461],[-47.3527549,-17.813731],[-47.355216599999899,-17.815260599999899],[-47.3568418,-17.814830399999899],[-47.3568657,-17.8161688],[-47.3590406,-17.8146153],[-47.3600683,-17.814830399999899],[-47.3591122999999,-17.8162644],[-47.3621476,-17.8154757],[-47.363008,-17.816814099999899],[-47.362482199999903,-17.8188456],[-47.3633665,-17.8214985],[-47.3623388,-17.8222155],[-47.3631275,-17.823745099999901],[-47.3651829,-17.8251313],[-47.3679314,-17.8254898],[-47.368170399999897,-17.826206899999899],[-47.366975399999902,-17.826660999999898],[-47.3685528,-17.8267327],[-47.3687679,-17.827545299999901],[-47.370966699999897,-17.826971699999898],[-47.3715402999999,-17.8295529],[-47.372615799999899,-17.8297919],[-47.3712057,-17.8313454],[-47.370249699999903,-17.8309869],[-47.369413199999897,-17.833114],[-47.3692459,-17.8318234],[-47.368505,-17.832516499999901],[-47.368791799999897,-17.8333291],[-47.3675011999999,-17.8327793999999],[-47.3669993,-17.8348348],[-47.365876,-17.834547999999899],[-47.3659716,-17.8361732],[-47.3648722,-17.8364839],[-47.3645854,-17.838419799999901],[-47.3662823,-17.838587099999899],[-47.3667603,-17.8404035],[-47.3648057,-17.8407665],[-47.364489799999902,-17.8453269],[-47.3623461,-17.846403899999899],[-47.3630319,-17.8471433],[-47.3609048,-17.8480276],[-47.359901,-17.849915699999901],[-47.3610004,-17.851469199999901],[-47.360928699999903,-17.852927099999899],[-47.359470799999897,-17.852759799999902],[-47.360498499999899,-17.8538831],[-47.359470799999897,-17.8545283999999],[-47.3587777,-17.8539309],[-47.3586104,-17.8548152],[-47.3579477,-17.854057399999899],[-47.3570091,-17.8546001],[-47.3575827,-17.8575159],[-47.3566506,-17.8573802999999],[-47.354978199999898,-17.859851],[-47.3565072,-17.860073199999899],[-47.3566984,-17.8637777],[-47.3579412,-17.863682099999899],[-47.3573074,-17.8647852],[-47.3581938,-17.865764],[-47.356674499999897,-17.866335],[-47.356363799999897,-17.8647098],[-47.3542313,-17.8658876],[-47.354155499999898,-17.8691693],[-47.352606,-17.8698663],[-47.3541149,-17.869802],[-47.3545341,-17.8713678],[-47.3536457,-17.8713003],[-47.352993899999902,-17.87231],[-47.355427899999903,-17.8725580999999],[-47.356268199999903,-17.8744849],[-47.354810299999897,-17.8747238999999],[-47.3559097,-17.8766598],[-47.3548342,-17.8763013],[-47.3546908,-17.8768987999999],[-47.3571047,-17.8778308999999],[-47.3574393,-17.879217099999899],[-47.358538699999897,-17.8793605],[-47.357511,-17.881200799999899],[-47.3582041,-17.882132899999899],[-47.3576345,-17.8832533],[-47.3590884,-17.8845946],[-47.357917304999901,-17.885120394999898],[-47.358514805,-17.886052615],[-47.357845595,-17.8897570899999],[-47.35660279,-17.889255204999898],[-47.355598995,-17.89097599],[-47.356970995,-17.891221899999898],[-47.356148715,-17.8957321],[-47.356698405,-17.8965446999999],[-47.355885805,-17.896688089999898],[-47.355431699999897,-17.895445289999898],[-47.3540216,-17.89666419],[-47.3546183999999,-17.897285095],[-47.352539795,-17.898193799999898],[-47.3503649049999,-17.8970943899999],[-47.351464314999902,-17.89621011],[-47.350245384999901,-17.89621011],[-47.349839085,-17.895015115],[-47.348070494999902,-17.89599501],[-47.34804659,-17.897667984999899],[-47.3466842999999,-17.89661641],[-47.345345909999899,-17.8971422],[-47.344342084999901,-17.898815204999899],[-47.344103109999899,-17.897883089999901],[-47.342860304999903,-17.898624004999899],[-47.343218799999903,-17.899556095],[-47.341689185,-17.900034105],[-47.34329051,-17.900870605],[-47.342597399999903,-17.90232851],[-47.3434339,-17.90414491],[-47.34226281,-17.903714705],[-47.341354595,-17.904455594999899],[-47.343577294999903,-17.905674495],[-47.342119389999901,-17.906176404999901],[-47.343577294999903,-17.9068455899999],[-47.343457805,-17.907944999999899],[-47.344485505,-17.908590305],[-47.34309931,-17.908566399999899],[-47.341808704999899,-17.910956395],[-47.340016209999902,-17.910813],[-47.3378651949999,-17.912438199999901],[-47.3383193,-17.91310741],[-47.3400878899999,-17.91277279],[-47.340111795,-17.9142545999999],[-47.341402404999897,-17.914780385],[-47.3399684,-17.91645339],[-47.341497989999901,-17.916262194999899],[-47.342039685,-17.917526515],[-47.343386095,-17.917313799999899],[-47.343266604999897,-17.917935199999899],[-47.341043909999897,-17.91846099],[-47.3411634,-17.920564194999901],[-47.342788594999902,-17.9214006999999],[-47.34247791,-17.919942794999901],[-47.34355339,-17.9195364949999],[-47.3442226,-17.9203969],[-47.34369681,-17.9223805949999],[-47.3446289,-17.9230259],[-47.342693009999898,-17.923623399999901],[-47.3428125,-17.925846094999901],[-47.342119389999901,-17.9241492149999],[-47.340470285,-17.924005795],[-47.33839101,-17.925965609999899],[-47.33901241,-17.928833615],[-47.3415697,-17.929263789999901],[-47.339442614999903,-17.93002861],[-47.341282884999899,-17.934856399999902],[-47.34027909,-17.935764585],[-47.339944499999902,-17.934258905],[-47.3391797049999,-17.934928109999898],[-47.340924394999902,-17.9366967],[-47.340063985,-17.9369357049999],[-47.33841491,-17.935477804999898],[-47.338582205,-17.936720604999898],[-47.337482795,-17.936840095],[-47.33721989,-17.937748305],[-47.336311705,-17.93674451],[-47.33719601,-17.9352627],[-47.336526804999899,-17.9348325],[-47.335714204999903,-17.937748305],[-47.333682704999902,-17.9387282],[-47.334686505,-17.93918231],[-47.3336955,-17.94013581],[-47.335044995,-17.941405005],[-47.332846205,-17.94353209],[-47.334304104999902,-17.94372329],[-47.333587095,-17.9447989],[-47.33478209,-17.945253004999898],[-47.3342011,-17.94696149],[-47.335092804999903,-17.94738009],[-47.33289401,-17.948216595],[-47.333539285,-17.950654395],[-47.33234429,-17.95077391],[-47.331937915,-17.949937405],[-47.330669494999903,-17.9517258],[-47.329515505,-17.95109931],[-47.328798204999899,-17.95352299],[-47.330193199999897,-17.953570199999898],[-47.3293806,-17.95402431],[-47.326178005,-17.953044415],[-47.325150305,-17.95349849],[-47.324074794999902,-17.9561992],[-47.322688604999897,-17.9555778],[-47.323094899999901,-17.95653379],[-47.32213891,-17.9570118],[-47.322927605,-17.957657105],[-47.321828195,-17.958278505],[-47.322903704999902,-17.95851751],[-47.322569084999898,-17.9593301099999],[-47.320561489999903,-17.95919349],[-47.3195239,-17.958056289999899],[-47.318768995,-17.959091105],[-47.317574,-17.958278505],[-47.3171437949999,-17.959115009999898],[-47.31826711,-17.95913891],[-47.318123689999901,-17.95980809],[-47.315064489999898,-17.961265995],[-47.31379781,-17.9605012],[-47.313821689999898,-17.961528905],[-47.312961309999899,-17.961887395],[-47.313841099999898,-17.9632847],[-47.313841099999898,-17.96530281],[-47.313209995,-17.965628289999898],[-47.313771,-17.9673988],[-47.314753805,-17.967575595],[-47.314204109999899,-17.96855549],[-47.3126745,-17.96831651],[-47.31277011,-17.969224695],[-47.311278495,-17.969483295],[-47.31343929,-17.971256195],[-47.31298521,-17.975845009999901],[-47.31606829,-17.9772073],[-47.316737495,-17.979836299999899],[-47.321350185,-17.979214899999899],[-47.322342695,-17.980973704999901],[-47.321264905,-17.981962709999902],[-47.322139895,-17.982294394999901],[-47.32217789,-17.98320489],[-47.3230083999999,-17.983156694999899],[-47.3227485049999,-17.9840672949999],[-47.321657995,-17.98434471],[-47.322425199999898,-17.985291409999899],[-47.319965215,-17.9848330999999],[-47.320751389999899,-17.9884211],[-47.3183105049999,-17.988499504999901],[-47.320256899999897,-17.99068841],[-47.31956579,-17.991442095],[-47.319248795,-17.99033259],[-47.318291504999898,-17.990610005],[-47.31841829,-17.991478304999902],[-47.319775,-17.992051194999899],[-47.318728899999897,-17.992774805],[-47.319711594999902,-17.995838],[-47.31891911,-17.9961514899999],[-47.315628585,-17.994686295],[-47.314937605,-17.9947586],[-47.314297204999903,-17.99645299],[-47.313422289999899,-17.996428905],[-47.313130704999899,-17.997948395],[-47.314195804999898,-17.998424794999899],[-47.315558904999897,-17.9981172],[-47.315210195,-17.997158505],[-47.315907615,-17.99676661],[-47.317219995,-17.9976468949999],[-47.314829795,-18.000318095],[-47.313282795,-17.9996427899999],[-47.31418309,-18.00093921],[-47.312655189999901,-18.001204505],[-47.313428705,-18.002277704999901],[-47.31247131,-18.002494805],[-47.311697794999901,-18.004207204999901],[-47.31247131,-18.005744815],[-47.311824605,-18.006287395],[-47.309789495,-18.007300405],[-47.3079445,-18.006980789999901],[-47.306942804999899,-18.00801189],[-47.306505305,-18.00749931],[-47.3079255,-18.006040185],[-47.307247104999902,-18.005768895],[-47.305383185,-18.006667299999901],[-47.30550361,-18.007873194999899],[-47.3037474,-18.006974795],[-47.3002921,-18.0084641],[-47.299848294999897,-18.009965399999899],[-47.298757785,-18.008874084999899],[-47.296988989999903,-18.0091092],[-47.297939995,-18.010887915],[-47.29712841,-18.012268605],[-47.2954927,-18.012612304999902],[-47.296881205,-18.014023105],[-47.2954927,-18.014999804999899],[-47.296240805,-18.016676005],[-47.29442119,-18.016893],[-47.296310595,-18.017743105],[-47.297927305,-18.021553495],[-47.296139405,-18.02207799],[-47.296171095,-18.0249598],[-47.29743279,-18.0249176],[-47.2977815,-18.025647095],[-47.29592381,-18.027039805],[-47.298643695,-18.026617804999901],[-47.299556709999898,-18.02719049],[-47.2999498,-18.026225904999901],[-47.300729595,-18.027178395],[-47.299499614999903,-18.02919811],[-47.2976039,-18.028528905],[-47.29741369,-18.029813],[-47.2954420149999,-18.0289388099999],[-47.293279995,-18.029945595],[-47.292741099999901,-18.032947905],[-47.2914477899999,-18.034207889999902],[-47.291317789999901,-18.038042005],[-47.28760249,-18.040519694999901],[-47.286854409999897,-18.043467505],[-47.283399113,-18.0407728929999],[-47.28306939,-18.0442692],[-47.28462271,-18.046493629999901],[-47.28455299,-18.04869393],[-47.28557368,-18.04912791],[-47.2834118,-18.052792919999899],[-47.2841536,-18.05533071],[-47.28333571,-18.05705461],[-47.283868294999898,-18.058392814999898],[-47.287038105,-18.058895709999899],[-47.290122895,-18.0605608],[-47.291457005,-18.061711209999899],[-47.2918997949999,-18.063484109999902],[-47.293425204999899,-18.063963],[-47.3012661,-18.06207261],[-47.305876614999903,-18.06308819],[-47.305963505,-18.065152],[-47.303500195,-18.06785811],[-47.30278671,-18.06985501],[-47.303064694999897,-18.072776889999901],[-47.304287799999898,-18.0745977],[-47.306667489999903,-18.0739000999999],[-47.307525794999897,-18.07147881],[-47.311751595,-18.0683139],[-47.3214485,-18.068866704999898],[-47.324338795,-18.069768795],[-47.3331231,-18.07499689],[-47.339674194999901,-18.080997309999901],[-47.343089889999902,-18.08080289],[-47.34536151,-18.087027104999901],[-47.34651659,-18.088198405],[-47.34971311,-18.0880448149999],[-47.352092305,-18.08507149],[-47.35763179,-18.08523331],[-47.361603095,-18.0966749],[-47.36107191,-18.097312289999898],[-47.358073595,-18.097348989999901],[-47.35600571,-18.09519481],[-47.354130605,-18.09550451],[-47.35398049,-18.1007256],[-47.3558386999999,-18.105138394999901],[-47.36055261,-18.105121605],[-47.362877795,-18.107499399999899],[-47.36699701,-18.108973705],[-47.368802689999903,-18.1147106949999],[-47.37003981,-18.116014595],[-47.381934805,-18.117034095],[-47.38561351,-18.1184989],[-47.3872285099999,-18.121117205],[-47.391889395,-18.11687251],[-47.394768789999901,-18.116893994999899],[-47.394535914999899,-18.12034769],[-47.396563,-18.12238731],[-47.395222195,-18.12523341],[-47.395725899999903,-18.1269860149999],[-47.399245409999899,-18.127018609999901],[-47.404113895,-18.130666689999899],[-47.4074692,-18.131848294999902],[-47.40770379,-18.13291599],[-47.40506719,-18.136046094999902],[-47.402360589999901,-18.136978395],[-47.399411794999899,-18.13628871],[-47.39778151,-18.1369782149999],[-47.395891999999897,-18.139181209999901],[-47.39587539,-18.140901995],[-47.39927139,-18.1421213899999],[-47.403678085,-18.14120609],[-47.408067,-18.1419159],[-47.409463,-18.1431029],[-47.4102796,-18.146878],[-47.411937899999899,-18.148233699999899],[-47.4137008,-18.1470070999999],[-47.41469129,-18.1434197049999],[-47.41846421,-18.1407723099999],[-47.426512709999898,-18.1393327],[-47.42864029,-18.139917609999902],[-47.4297179,-18.14120399],[-47.428542209999897,-18.144392309999901],[-47.42888241,-18.145860099999901],[-47.435205009999898,-18.15046389],[-47.4333794,-18.1572546149999],[-47.427365305,-18.16052331],[-47.427475605,-18.162720389999901],[-47.43021641,-18.165687195],[-47.433223289999901,-18.167637409999902],[-47.437550105,-18.167429599999899],[-47.442894394999897,-18.160575009999899],[-47.4467351,-18.158499805],[-47.4500802049999,-18.158896809999899],[-47.454024489999902,-18.162096394999899],[-47.459332109999899,-18.1683945999999],[-47.462987305,-18.17669111],[-47.46545871,-18.177605109999899],[-47.466623884999898,-18.176654594999899],[-47.47272041,-18.1808031099999],[-47.476109895,-18.18070241],[-47.47931119,-18.178197699999899],[-47.480605795,-18.178320695],[-47.4873143,-18.1858012],[-47.4875261,-18.1893904],[-47.4842543,-18.192834199999901],[-47.4845132,-18.193505],[-47.4864904,-18.193505],[-47.4884324,-18.1922751],[-47.4925046,-18.1930131],[-47.4938816,-18.1942541999999],[-47.495199699999901,-18.1975636999999],[-47.4969651,-18.199017099999899],[-47.4987305,-18.1987152999999],[-47.4996014,-18.1975189],[-47.5000487,-18.1941423],[-47.5011079,-18.1930019],[-47.5032499,-18.192577],[-47.513089,-18.195931299999899],[-47.517655499999897,-18.199442],[-47.5166669,-18.2025053999999],[-47.517255299999903,-18.2059489],[-47.5163373,-18.208676899999901],[-47.517467199999899,-18.2111588],[-47.5295189,-18.2175535],[-47.5303663,-18.221443899999901],[-47.5279418,-18.2249988],[-47.527588799999897,-18.2269439],[-47.5305546,-18.228553599999898],[-47.532437699999903,-18.231325899999899],[-47.5349093,-18.231661299999899],[-47.536768799999898,-18.2308341],[-47.5389814,-18.225065899999901],[-47.5393581,-18.2150381],[-47.5358626,-18.2102308999999],[-47.5380517,-18.2042943],[-47.5351211,-18.1972170999999],[-47.536863,-18.194969699999898],[-47.5401466,-18.1935162],[-47.544666,-18.195417],[-47.5481379,-18.1984469],[-47.5504682,-18.1993525],[-47.552928,-18.2050098],[-47.5565647,-18.2063401999999],[-47.558636099999902,-18.209135199999899],[-47.5618608999999,-18.2093364999999],[-47.5654623,-18.203657],[-47.566639199999898,-18.2029191],[-47.5682752,-18.2037129],[-47.5691932,-18.205770099999899],[-47.5674513,-18.211136399999901],[-47.570644699999903,-18.2208957],[-47.5749349,-18.2216303],[-47.5772669,-18.2265861999999],[-47.5811955,-18.2240576999999],[-47.5868131,-18.2251697],[-47.5882303,-18.226431799999901],[-47.5883352,-18.2273933],[-47.584511399999897,-18.231277299999899],[-47.580900299999897,-18.233100099999898],[-47.580327399999902,-18.2341418],[-47.5807614,-18.235530599999901],[-47.5821503,-18.2365376],[-47.5851364,-18.235131399999901],[-47.591177899999899,-18.2359473],[-47.595778499999902,-18.2405479],[-47.6009172999999,-18.2414333],[-47.606698499999901,-18.244402],[-47.6070005,-18.2462040999999],[-47.6041203999999,-18.2484643999999],[-47.6022245999999,-18.251454],[-47.601130899999902,-18.255719499999898],[-47.601823599999904,-18.257724699999901],[-47.6073287,-18.263959],[-47.611739999999898,-18.2637037],[-47.614025899999902,-18.2620559],[-47.6147915,-18.2592850999999],[-47.611619699999899,-18.251045599999902],[-47.6120208,-18.2497696],[-47.6147551,-18.247910299999901],[-47.6171613,-18.248420699999901],[-47.6240883,-18.2577903],[-47.6249632,-18.260524599999901],[-47.6228851,-18.2634777],[-47.6199321,-18.265482899999899],[-47.6180363,-18.2688734],[-47.6181821,-18.270295299999901],[-47.6190935,-18.2716078],[-47.6299063,-18.277251099999901],[-47.6342101,-18.2840191999999],[-47.637296299999903,-18.2852821],[-47.63877,-18.287678099999901],[-47.637771299999898,-18.289081699999901],[-47.6327674999999,-18.2916200999999],[-47.6301869,-18.298374899999899],[-47.6273194,-18.3031387999999],[-47.6247678,-18.305636799999899],[-47.618434299999898,-18.3077673],[-47.6157952,-18.3105787],[-47.6106129,-18.313336],[-47.610582,-18.3164806999999],[-47.6190146,-18.3196745999999],[-47.624264099999898,-18.3226359],[-47.625637,-18.330573399999899],[-47.6332949,-18.333517899999901],[-47.636711499999898,-18.335778999999899],[-47.6393466,-18.3362261],[-47.6461849,-18.3402287],[-47.6481547,-18.3406985],[-47.6493247,-18.338272199999899],[-47.6489334,-18.334951799999899],[-47.6464326,-18.3322375],[-47.646936799999899,-18.3303106],[-47.6531854999999,-18.3262463],[-47.6575736,-18.3278038],[-47.6624567,-18.3350847],[-47.665899399999901,-18.3460363],[-47.6707087,-18.3574747],[-47.6715435999999,-18.3581505],[-47.682822,-18.355018299999902],[-47.6864603,-18.357457],[-47.6861044999999,-18.3627956],[-47.6871775,-18.3650157],[-47.689717099999903,-18.3673678],[-47.694040399999899,-18.374968099999901],[-47.6963215,-18.3772739],[-47.700092599999898,-18.3789922],[-47.7072694,-18.3803801],[-47.710375,-18.379654199999901],[-47.7125778,-18.3768846],[-47.7154628,-18.363886599999901],[-47.7168546,-18.3620882],[-47.718741599999902,-18.3617464],[-47.724995,-18.3639107],[-47.7369631,-18.362602299999899],[-47.7405709,-18.363839799999901],[-47.7405998,-18.3662846],[-47.7394118,-18.3685025999999],[-47.736043,-18.3712768],[-47.733292499999898,-18.375899],[-47.7362098,-18.3789267],[-47.739994399999901,-18.3762075],[-47.742603,-18.3765193999999],[-47.7447357,-18.3785483999999],[-47.7484810999999,-18.386588699999901],[-47.754659499999903,-18.391671299999899],[-47.7563777,-18.3938836],[-47.7571249,-18.396551499999902],[-47.756430899999899,-18.3992713],[-47.7475977,-18.4057783],[-47.746707899999898,-18.4077561],[-47.746800199999903,-18.4099378],[-47.7478761,-18.411606699999901],[-47.7494887,-18.4125514999999],[-47.757106099999902,-18.4098729],[-47.7591257,-18.4102761],[-47.761917,-18.413667299999901],[-47.771212499999898,-18.4193478],[-47.7752935,-18.420497899999901],[-47.7790168,-18.424135099999901],[-47.7835698,-18.4226288999999],[-47.7892135,-18.417658399999901],[-47.7953487,-18.4176267],[-47.7984968,-18.416309199999901],[-47.799968099999901,-18.4148984],[-47.8007377,-18.411955],[-47.8002134,-18.410390499999899],[-47.797297399999898,-18.40784],[-47.7975468,-18.406909299999899],[-47.801988799999897,-18.403437699999898],[-47.8083816,-18.400222499999899],[-47.810572,-18.400115399999901],[-47.812122,-18.400966],[-47.8153243,-18.4062574],[-47.829735,-18.4113034],[-47.8311821,-18.4140542],[-47.8305152,-18.4162835],[-47.8307722,-18.4251945],[-47.831848299999898,-18.428232],[-47.836569499999896,-18.4331066],[-47.8370414,-18.4358278],[-47.8308501,-18.443489],[-47.8308266,-18.4479774],[-47.8319384,-18.449783099999902],[-47.8345760999999,-18.451270399999899],[-47.8387926999999,-18.4517602],[-47.8494612,-18.4413195],[-47.854407599999902,-18.439401599999901],[-47.8579639,-18.4390126],[-47.8604536,-18.4401908],[-47.8648808,-18.4471788],[-47.8645761,-18.4522969],[-47.8660692999999,-18.454228999999899],[-47.8696798,-18.454159],[-47.8713263,-18.455030399999899],[-47.8736529,-18.4591503],[-47.8735189,-18.4602522],[-47.871855299999901,-18.461215799999898],[-47.8662669,-18.4619713],[-47.8644107,-18.4630445999999],[-47.863322799999899,-18.4648352],[-47.8632433,-18.4697437],[-47.8681824,-18.4743984999999],[-47.8702984,-18.4753651],[-47.8754876,-18.475670599999901],[-47.877574099999897,-18.4748087],[-47.8808773,-18.470131299999899],[-47.8836908,-18.4685866999999],[-47.885577699999899,-18.4685115],[-47.8868535,-18.469637],[-47.8874691,-18.4718521],[-47.887912099999902,-18.4772192],[-47.8901867,-18.4768983],[-47.895496,-18.474143899999898],[-47.9016482,-18.4730721],[-47.907173699999902,-18.4690444],[-47.9117156,-18.4668387],[-47.914274,-18.4665778],[-47.9190697,-18.4693761],[-47.9254372,-18.471236],[-47.9266438,-18.4729348],[-47.9263286999999,-18.480941],[-47.927999,-18.4864868999999],[-47.9295493,-18.487843199999901],[-47.934684699999899,-18.4873226],[-47.940550099999903,-18.488104],[-47.952655,-18.4938397999999],[-47.9528251999999,-18.497372799999901],[-47.954937,-18.500280299999901],[-47.9588466,-18.4994116],[-47.9621978,-18.496071399999899],[-47.9631962,-18.493760899999899],[-47.9621984999999,-18.4859203],[-47.9626077,-18.4827151],[-47.9649597,-18.477356999999898],[-47.967464999999898,-18.4750736],[-47.9690851,-18.4747454],[-47.9763821,-18.4777827],[-47.9783825,-18.477307199999899],[-47.9792121,-18.475963599999901],[-47.9793018,-18.4736998],[-47.9773531,-18.4701329],[-47.9794605,-18.4667061],[-47.979906,-18.4626914],[-47.976353199999899,-18.4551046],[-47.9760510999999,-18.452613499999899],[-47.9785512999999,-18.445584],[-47.980910299999898,-18.4428612],[-47.9842682,-18.444372999999899],[-47.984271,-18.4457015999999],[-47.985242099999901,-18.44629],[-47.9886092,-18.447297499999902],[-47.991601,-18.4505642999999],[-47.9966664,-18.453526199999899],[-48.008829799999901,-18.4529289],[-48.0122094,-18.450436099999902],[-48.014151,-18.443413099999901],[-48.0228278,-18.4374927],[-48.030857599999898,-18.4345445],[-48.0380723,-18.434712299999902],[-48.0405651,-18.4310929],[-48.0416557,-18.4260593999999],[-48.0474563,-18.4176461],[-48.0536164,-18.413978799999899],[-48.057475399999902,-18.4129242],[-48.060543499999902,-18.413044],[-48.062964399999899,-18.414218499999901],[-48.0669913,-18.425556],[-48.0681178,-18.4267065],[-48.0760756,-18.4296548],[-48.0941245,-18.4309731],[-48.104145199999898,-18.4263407],[-48.106984,-18.4264668],[-48.108933,-18.428397],[-48.1107876,-18.428594],[-48.1126578,-18.427117],[-48.116618699999897,-18.4257296],[-48.1188248,-18.4228234999999],[-48.1264471,-18.4165915],[-48.1380961999999,-18.413235799999899],[-48.146533299999902,-18.4095445],[-48.1507984,-18.394483299999902],[-48.155402,-18.3908964],[-48.1588536,-18.3854314],[-48.1593809,-18.375508099999902],[-48.1601,-18.3733988],[-48.1618262,-18.3718853],[-48.1649418,-18.371529199999902],[-48.1718218,-18.3748484],[-48.1786046,-18.3717093],[-48.185617099999902,-18.370272],[-48.191018799999902,-18.365867599999898],[-48.1972066,-18.363171899999902],[-48.2044089,-18.3639901999999],[-48.209836,-18.361655599999899],[-48.2214762999999,-18.3619684999999],[-48.224976,-18.360379899999899],[-48.2279938,-18.3570824],[-48.2281206,-18.3533515999999],[-48.226091799999899,-18.3475023999999],[-48.2279685,-18.344975],[-48.256777499999899,-18.342977],[-48.2598968,-18.3407624],[-48.259516399999903,-18.3358999],[-48.2620525,-18.331662999999899],[-48.2704974,-18.3294483],[-48.275011499999898,-18.3291113],[-48.2806414,-18.3331074],[-48.2823405,-18.339703299999901],[-48.287235,-18.3472136],[-48.2962125,-18.354868],[-48.3052154,-18.3580933],[-48.316272399999903,-18.364375299999899],[-48.318073,-18.3670951],[-48.316881,-18.3735452],[-48.315308699999903,-18.3765536],[-48.306559499999899,-18.3799711],[-48.3046067,-18.382473999999899],[-48.305697199999898,-18.384976799999901],[-48.3075992,-18.3863726],[-48.310541,-18.386709499999899],[-48.3273801,-18.380789299999901],[-48.3418354,-18.3707775],[-48.3526388,-18.3676968],[-48.3635489,-18.369423099999899],[-48.3681933,-18.36893],[-48.3850025,-18.3718592],[-48.4000129,-18.3728088999999],[-48.4025305,-18.3723864],[-48.4041889,-18.370978],[-48.4042739,-18.3625733],[-48.405827799999898,-18.3598385],[-48.4084976,-18.358004299999902],[-48.411171599999903,-18.3576201],[-48.420486099999898,-18.3632248],[-48.4303479,-18.3652332],[-48.4365739,-18.3653059],[-48.4395284,-18.3635396],[-48.4420499,-18.356618599999901],[-48.4456609,-18.3553014],[-48.4494174,-18.3571474999999],[-48.4546966,-18.363119599999902],[-48.4695313,-18.3707355],[-48.4748395,-18.378380499999899],[-48.4794415,-18.380278599999901],[-48.4812352,-18.3801387],[-48.484114,-18.3785746],[-48.4864119,-18.3749144999999],[-48.486913399999899,-18.3719505],[-48.486575699999896,-18.3688804],[-48.481422199999898,-18.3606497],[-48.482389199999901,-18.356268],[-48.484806499999898,-18.353632],[-48.487702899999903,-18.3520611],[-48.492776799999902,-18.352975],[-48.4964864,-18.3563114],[-48.505120299999902,-18.360339199999899],[-48.5092468,-18.3640637],[-48.5156492,-18.3664158999999],[-48.520310799999898,-18.364371199999901],[-48.525708,-18.3580726],[-48.5262169,-18.3539807],[-48.5311115,-18.3510745],[-48.5384701999999,-18.349659],[-48.5472447,-18.351767299999899],[-48.5509966,-18.350090899999898],[-48.554542599999898,-18.3469494],[-48.554775999999897,-18.338316],[-48.5537467999999,-18.3313957999999],[-48.5572007,-18.3265304],[-48.561414699999901,-18.3238865],[-48.573547899999902,-18.327871899999899],[-48.5823659,-18.327229499999898],[-48.5911834,-18.3341927],[-48.5972725,-18.3348111],[-48.602352799999899,-18.334822099999901],[-48.612004,-18.3309492],[-48.623669199999902,-18.3281261],[-48.6338249,-18.327648399999902],[-48.6415519,-18.3334259],[-48.6410906999999,-18.340262499999898],[-48.6471696999999,-18.3438906],[-48.6561108,-18.342402],[-48.6705798,-18.345944099999901],[-48.6776219,-18.343775],[-48.697747,-18.3501663],[-48.708461199999903,-18.3476411],[-48.7151699,-18.3478023],[-48.722689,-18.3498566],[-48.730611699999898,-18.353271499999899],[-48.7369461,-18.3540819],[-48.7422953,-18.352498399999899],[-48.7557454,-18.3443809],[-48.7577234,-18.3447611],[-48.769070499999899,-18.3567183],[-48.771413799999898,-18.3582423],[-48.776206699999904,-18.3574776],[-48.7827374,-18.3537046],[-48.7871685,-18.3532013999999],[-48.7916365,-18.3563381],[-48.79828,-18.358555899999899],[-48.8061094,-18.3648550999999],[-48.8110035999999,-18.376182099999902],[-48.816361599999901,-18.379661199999902],[-48.8201429,-18.3792397],[-48.828024899999903,-18.3752488],[-48.8308064,-18.3511705999999],[-48.8320838,-18.3461351999999],[-48.8371347,-18.3414807999999],[-48.851697699999903,-18.3393518],[-48.8608088,-18.3369041],[-48.8675284,-18.3337073],[-48.8727514999999,-18.3328468],[-48.878001,-18.3271157],[-48.8791754,-18.321986],[-48.8828932,-18.3188514],[-48.888279399999902,-18.3170959],[-48.9071142,-18.316345899999899],[-48.9093935,-18.315100599999901],[-48.9140798,-18.307560899999899],[-48.9177447,-18.3058794],[-48.9331716,-18.305454],[-48.9367738,-18.306207599999901],[-48.943227299999897,-18.3117647],[-48.9470836,-18.3135138],[-48.950859,-18.316424299999898],[-48.954614299999903,-18.3178103],[-48.9559156,-18.320249299999901],[-48.9595022,-18.323478899999898],[-48.968338399999901,-18.327845399999902],[-48.9711389,-18.3304868],[-48.9724184,-18.336626099999901],[-48.9766438999999,-18.341732299999901],[-48.978493199999903,-18.3423888],[-48.982898799999901,-18.3411173],[-48.9841954,-18.341412499999901],[-48.9827283,-18.3450127999999],[-48.9828641,-18.3527802999999],[-48.981341,-18.3543885],[-48.9815012,-18.356374199999902],[-48.9853251,-18.3580787],[-48.990621299999901,-18.3585563],[-48.993226499999899,-18.3663723],[-48.9959967,-18.3709403],[-49.005964199999902,-18.374359],[-49.0174143,-18.3719649],[-49.023748699999899,-18.367921899999899],[-49.0296362,-18.36882],[-49.0362737,-18.37222],[-49.042000899999898,-18.376507699999902],[-49.0448087,-18.389294699999901],[-49.048700499999903,-18.3974989],[-49.0574409,-18.406265699999899],[-49.066621499999897,-18.4109884],[-49.0717354,-18.4125754],[-49.0735916,-18.415282499999901],[-49.077039899999903,-18.416780399999901],[-49.0790512,-18.4166711],[-49.0819585,-18.4132637],[-49.091260299999902,-18.4135539],[-49.0955597,-18.4098253],[-49.0950346,-18.4072418],[-49.096896,-18.4037054],[-49.099235099999902,-18.403116],[-49.108012899999899,-18.4037071],[-49.112854599999899,-18.399693199999898],[-49.114294099999903,-18.3966735999999],[-49.1084657,-18.3901781],[-49.1077986,-18.3885981],[-49.108255,-18.386877599999899],[-49.1105917,-18.3862301999999],[-49.1187331,-18.3867562],[-49.1263129,-18.3843143],[-49.128350399999903,-18.3848763999999],[-49.1325519,-18.3879661],[-49.1407679,-18.3964278],[-49.1494916,-18.4010625],[-49.1548475,-18.404889599999901],[-49.1562168,-18.406750499999902],[-49.1587873,-18.415855599999901],[-49.161461599999903,-18.418214799999902],[-49.1652404,-18.418302099999899],[-49.173579199999899,-18.416122299999898],[-49.186727699999899,-18.419394399999899],[-49.1906112,-18.4190025],[-49.2033886,-18.414437399999901],[-49.2082061,-18.414093299999902],[-49.2100988,-18.414781499999901],[-49.212038999999898,-18.416900199999901],[-49.2123362,-18.4218319],[-49.2025283,-18.4292341999999],[-49.1982269,-18.4362884999999],[-49.1940976,-18.4412781],[-49.192152399999898,-18.446538599999901],[-49.1925855,-18.4497216],[-49.197753299999903,-18.4578372],[-49.2013507,-18.461151899999901],[-49.212640399999898,-18.464543499999898],[-49.2161164,-18.4665798999999],[-49.2293182,-18.480378599999899],[-49.234023099999902,-18.4879625999999],[-49.238728,-18.4989173],[-49.2450069,-18.5067854],[-49.246482,-18.5188497],[-49.24997,-18.523505499999899],[-49.2540865,-18.5259333],[-49.268560099999902,-18.526404199999899],[-49.2725535,-18.527636599999902],[-49.276409199999897,-18.5295644999999],[-49.2856353,-18.536312],[-49.289077899999903,-18.542921799999899],[-49.2907304,-18.558895399999901],[-49.2919462,-18.5626315],[-49.2934845,-18.564679],[-49.2957749,-18.566035199999899],[-49.3015199,-18.566473299999899],[-49.3208738,-18.560779],[-49.3245049,-18.5608453],[-49.327497299999898,-18.5622003],[-49.3321792,-18.570187099999899],[-49.3438841,-18.5978656],[-49.3503560999999,-18.6064031999999],[-49.3577921,-18.614527699999901],[-49.3729074,-18.633993299999901],[-49.3752805,-18.6380751],[-49.3803756,-18.6435832],[-49.3850575,-18.6460618999999],[-49.3930443,-18.6473013],[-49.401168799999901,-18.6467504],[-49.4057131,-18.645098],[-49.414113,-18.638763599999901],[-49.419621199999902,-18.631602999999899],[-49.423752299999897,-18.6186589],[-49.4256801,-18.615216299999901],[-49.4435816,-18.5967638999999],[-49.4518439,-18.5829936],[-49.455975,-18.5778984999999],[-49.477732199999899,-18.564265799999902],[-49.481725599999898,-18.560547799999899],[-49.4854477,-18.5518043],[-49.486346099999899,-18.541867399999902],[-49.4868667,-18.5267585],[-49.485762599999902,-18.5094353],[-49.4862851,-18.5064576],[-49.4877875,-18.5036787999999],[-49.490598,-18.501297],[-49.4907535,-18.4975987],[-49.491744299999901,-18.4957347],[-49.494263499999903,-18.4933803],[-49.499833,-18.4910227999999],[-49.5026271999999,-18.4915257],[-49.504467299999902,-18.4928598999999],[-49.510019199999903,-18.491238699999901],[-49.5191986,-18.4927422],[-49.5353064,-18.4918071],[-49.5429078,-18.4964222999999],[-49.546467199999903,-18.5011279],[-49.5470402999999,-18.5058336],[-49.546768799999903,-18.508578499999899],[-49.542606099999901,-18.520584],[-49.541821899999903,-18.5271597999999],[-49.5422743,-18.5310208],[-49.5444763,-18.535998],[-49.551075099999899,-18.543303599999899],[-49.5570987,-18.546576],[-49.5621831,-18.5458778],[-49.5696685,-18.5427869],[-49.5752534,-18.542326199999899],[-49.591872899999899,-18.5463821],[-49.608209299999899,-18.5470141],[-49.6420083,-18.555243099999899],[-49.651705999999898,-18.561116],[-49.6532897,-18.5638294],[-49.653925899999898,-18.5673648],[-49.6526051,-18.573589899999899],[-49.6476163,-18.579014],[-49.6387597,-18.5859594],[-49.6355382,-18.590019599999899],[-49.635037699999899,-18.5921018],[-49.6360672,-18.5959915],[-49.6397145,-18.600139],[-49.642696999999899,-18.6013346],[-49.647862599999897,-18.6018142],[-49.6568549,-18.598059799999898],[-49.6646463,-18.5916371],[-49.666964499999899,-18.5906591],[-49.674842399999903,-18.5888060999999],[-49.6820544,-18.5888474999999],[-49.693732399999902,-18.590640999999898],[-49.7055844,-18.5954043999999],[-49.710889699999903,-18.599077399999899],[-49.720452,-18.607812],[-49.7328262999999,-18.616022999999899],[-49.7382605,-18.616925599999899],[-49.7430577,-18.616085499999901],[-49.7577031,-18.6097093999999],[-49.768529699999903,-18.610986399999899],[-49.772199199999903,-18.6132646],[-49.7745413,-18.6191262],[-49.7748956,-18.6264533],[-49.7784824,-18.6340817],[-49.784819599999899,-18.642247699999899],[-49.7884617,-18.642366099999901],[-49.7928692,-18.643814899999899],[-49.798425699999903,-18.643921799999902],[-49.8197929,-18.6325772],[-49.8227568,-18.632319199999898],[-49.832679799999902,-18.6362414],[-49.8361535,-18.6366896],[-49.8413694,-18.6331815],[-49.8527918,-18.6231644],[-49.8554589,-18.6226262],[-49.8647529,-18.6239166],[-49.8680967,-18.6224779],[-49.869151,-18.620510399999901],[-49.870211,-18.6143407],[-49.8740936,-18.6112684],[-49.880095599999898,-18.609560299999899],[-49.8839773,-18.609031],[-49.8893049,-18.6099351],[-49.8944303,-18.61413],[-49.896407,-18.6170301],[-49.8988717,-18.617768],[-49.904371599999898,-18.6213046],[-49.913403699999897,-18.6201589],[-49.9210965,-18.6223431999999],[-49.931651499999901,-18.6239931],[-49.945878799999903,-18.6216883],[-49.9577609,-18.617816499999901],[-49.9679323,-18.6162029],[-49.9738163,-18.6143197],[-49.9814547,-18.6046454],[-49.991787299999899,-18.6033097],[-49.9981595,-18.603694699999899],[-50.002312199999899,-18.601602399999901],[-50.0139023,-18.5994805],[-50.020064299999902,-18.5993635],[-50.028763,-18.6014663999999],[-50.040097699999897,-18.6138344999999],[-50.0426032,-18.6198727],[-50.0449599,-18.6305381],[-50.0502051,-18.6435418],[-50.053434799999899,-18.6470667],[-50.0683789,-18.656235299999899],[-50.0800431,-18.672243799999901],[-50.0820323,-18.6726153],[-50.0945995,-18.6712173],[-50.103873399999898,-18.669462699999901],[-50.124877599999898,-18.6692643],[-50.1492522,-18.664913],[-50.164288,-18.6643524999999],[-50.1736491,-18.6662213],[-50.180047699999903,-18.6684607],[-50.1988769,-18.6790799],[-50.202573,-18.679535999999899],[-50.207630299999899,-18.6785631],[-50.225159,-18.6816312999999],[-50.2409071,-18.6786648],[-50.250263399999902,-18.6778911],[-50.2574316,-18.6795157],[-50.2763082,-18.6868451],[-50.296098899999897,-18.691239799999899],[-50.3062666,-18.695471499999901],[-50.31449,-18.7007498],[-50.3200424999999,-18.7069531],[-50.3320133,-18.7248106],[-50.3452976,-18.7509183999999],[-50.3523236,-18.760297799999901],[-50.3613166,-18.779713699999899],[-50.3656855999999,-18.7944115],[-50.3702646,-18.8043934],[-50.375595599999897,-18.811498099999898],[-50.378574899999897,-18.8146487],[-50.3862367,-18.819731],[-50.394267899999903,-18.8227284],[-50.4065151,-18.823742799999899],[-50.411318799999897,-18.824941],[-50.4187214,-18.827629499999901],[-50.423492699999898,-18.8326532],[-50.4355985,-18.8767983],[-50.4434358,-18.8941156],[-50.4610231,-18.9136472],[-50.468216,-18.919161099999901],[-50.477751899999902,-18.9235356],[-50.484707899999897,-18.9250752999999],[-50.493376699999899,-18.9287219],[-50.5015716,-18.930110399999901],[-50.5056842,-18.9322003],[-50.510553,-18.9386605],[-50.511946599999902,-18.9457563],[-50.5118782,-18.9519649],[-50.504109,-18.970590199999901],[-50.5006273,-18.9762626999999],[-50.500051,-18.9811609],[-50.501574199999901,-18.9853112],[-50.5007112,-18.9903772],[-50.5011837,-18.995942],[-50.503407799999898,-19.0005566],[-50.5040182,-19.004482199999899],[-50.5027681,-19.007842299999901],[-50.4950762,-19.0128685],[-50.499262299999899,-19.0344231],[-50.5049145999999,-19.0507550999999],[-50.5291402,-19.0877095],[-50.5324251,-19.094963499999899],[-50.5351625,-19.0988871],[-50.548894899999901,-19.111707099999901],[-50.5730293,-19.1223828],[-50.5765423,-19.130594899999899],[-50.578458399999903,-19.1333322999999],[-50.5825189,-19.1368909],[-50.587765499999897,-19.1399476],[-50.5943808,-19.1393545],[-50.6036422,-19.135659],[-50.623031899999901,-19.135750299999899],[-50.6369468,-19.134199099999901],[-50.6437902,-19.1348378],[-50.6567471,-19.133697299999898],[-50.6694758,-19.134974699999901],[-50.675954299999901,-19.1370734],[-50.6776879,-19.139810699999899],[-50.671757,-19.1627133],[-50.672897599999899,-19.166773799999898],[-50.675863,-19.171199199999901],[-50.6779617,-19.1730696999999],[-50.6838926,-19.1760808],[-50.6876793,-19.1766739],[-50.6983094,-19.1763089],[-50.709532599999903,-19.180734299999902],[-50.7209839,-19.1825592],[-50.7341529,-19.187695],[-50.7399174,-19.1937368],[-50.7408298,-19.1969303999999],[-50.7400542,-19.2114384],[-50.7429741,-19.2242128],[-50.7439322,-19.234477899999899],[-50.746532699999896,-19.239907],[-50.7503194,-19.242781299999901],[-50.7594895,-19.2469786],[-50.7640062,-19.2505371],[-50.7682035,-19.2584299],[-50.770439,-19.2609848],[-50.7726289,-19.2614866],[-50.7826659,-19.260847899999899],[-50.785950699999901,-19.262627199999901],[-50.791151699999901,-19.269425],[-50.7989532,-19.277044],[-50.8134613,-19.286031599999902],[-50.8188904,-19.2917345],[-50.8359988999999,-19.3272746],[-50.8388275,-19.336262299999898],[-50.841585699999897,-19.3508004],[-50.8530373,-19.377721699999899],[-50.8606325,-19.3920856999999],[-50.8714818999999,-19.403851799999899],[-50.8745731,-19.4100109],[-50.8759721,-19.4150347],[-50.8753571,-19.4228408],[-50.8730833,-19.4277455],[-50.868583999999899,-19.4339229],[-50.859845199999903,-19.4421644],[-50.8387999,-19.4575993999999],[-50.829044199999899,-19.467035],[-50.826358399999897,-19.471314499999899],[-50.8249435,-19.4750414],[-50.824966699999898,-19.483568299999899],[-50.826691299999901,-19.4874682999999],[-50.830451299999901,-19.4922756],[-50.8355094,-19.496104199999898],[-50.8439668,-19.4983637],[-50.8493869,-19.4981367],[-50.873483899999897,-19.4884436],[-50.889467,-19.480896299999898],[-50.9057258,-19.4780569],[-50.9188348,-19.471583699999901],[-50.934332599999898,-19.4680997],[-50.9349978,-19.4674775],[-50.9359084,-19.460643999999899],[-50.937831199999899,-19.457469499999899],[-50.9408855,-19.4537338],[-50.9467218,-19.4529026],[-50.9521315,-19.4426334999999],[-50.956222099999898,-19.441499899999901],[-50.9682928,-19.4351854],[-50.9809102,-19.4334757],[-50.9853022,-19.431382799999898],[-50.986075899999904,-19.4291957],[-50.9869467,-19.4121607],[-50.9886228,-19.407934],[-50.9919386,-19.407606],[-50.9955459,-19.408917799999902],[-51.0000276,-19.414638399999902],[-51.0014487,-19.4153307],[-51.0047643999999,-19.412962299999901],[-51.0039628,-19.403342899999899],[-51.0045094,-19.4014117],[-51.0086995999999,-19.400318599999899],[-51.0189384,-19.4010838],[-51.0236024,-19.3999178],[-51.0263351,-19.3979502],[-51.0257521,-19.3941972],[-51.020468799999897,-19.3866183],[-51.020505199999903,-19.3822822999999],[-51.0263351,-19.3762338],[-51.029906,-19.3669788],[-51.041237899999899,-19.3582339],[-51.0448451,-19.344424199999899],[-51.050784399999898,-19.3368818],[-51.0581447,-19.330396],[-51.060258,-19.330031599999899],[-51.0635738,-19.3311247],[-51.0652499,-19.330578199999898],[-51.0712255,-19.324311],[-51.086857,-19.3139993],[-51.0871121,-19.3096269],[-51.0880594,-19.3080237],[-51.0920012,-19.307626599999899],[-51.097788099999903,-19.3057646]]]}}
]
}
